operator_id,inbound_calls,outbound_calls,missed_inbound_calls,answered_inbound_calls,avg_call_duration,avg_total_call_duration,avg_wait_time,inbound_attempts,pct_missed_calls,total_calls_handled,low_outbound_activity
879896,58,872,0,58,545.8290598290598,650.7435897435897,27.333333333333332,58,0.0,930,False
879898,104,7209,0,104,1133.8810572687225,1591.5770925110132,29.473684210526315,104,0.0,7313,False
880020,7,38,0,7,112.25,126.25,7.714285714285714,7,0.0,45,True
880022,8,189,0,8,216.38571428571427,270.35714285714283,14.0,8,0.0,197,True
880026,24,2208,0,24,842.4505494505495,964.4285714285714,7.944444444444445,24,0.0,2232,False
880028,63,2497,0,63,726.7524752475248,936.9306930693069,8.365853658536585,63,0.0,2560,False
880240,0,47,0,0,320.6666666666667,368.0,,0,,47,True
881278,0,20,0,0,58.125,67.875,,0,,20,True
882476,3,0,0,3,64.0,95.66666666666667,31.666666666666668,3,0.0,3,False
882478,3,1,0,3,22.666666666666668,50.333333333333336,38.0,3,0.0,4,True
882680,99,0,3,96,142.02325581395348,179.02325581395348,37.0,99,0.030303030303030304,99,False
882684,613,661,4,609,1407.2987012987012,1535.7792207792209,190.52,613,0.0065252854812398045,1274,False
882686,766,2884,6,760,1635.7901785714287,1924.5535714285713,165.75,766,0.007832898172323759,3650,False
882688,15,43,0,15,646.6666666666666,803.7777777777778,336.5,15,0.0,58,True
882690,171,1417,2,169,2104.253968253968,2686.0158730158732,322.8181818181818,171,0.011695906432748537,1588,False
883018,0,2,0,0,0.0,15.0,,0,,2,True
883898,0,1,0,0,70.0,80.0,,0,,1,True
883940,6,632,0,6,599.1388888888889,901.1666666666666,15.2,6,0.0,638,False
883942,77,2030,0,77,937.1140939597316,1126.6174496644296,15.514285714285714,77,0.0,2107,False
884294,1,0,0,1,5.0,11.0,6.0,1,0.0,1,False
884402,0,4,0,0,71.33333333333333,95.66666666666667,,0,,4,True
884406,0,3,0,0,4.0,39.5,,0,,3,True
884408,35,25,4,31,87.04,148.48,66.0,35,0.11428571428571428,60,True
884412,18,748,0,18,405.3185840707965,543.0265486725664,46.875,18,0.0,766,False
884478,22,2270,0,22,582.9764705882353,1010.4,26.916666666666668,22,0.0,2292,False
884524,2,0,0,2,25.0,34.5,9.5,2,0.0,2,False
884946,12,1847,0,12,496.1829268292683,976.9268292682926,22.714285714285715,12,0.0,1859,False
885682,0,3,0,0,0.0,17.0,,0,,3,True
885876,992,58437,20,972,15420.328621908127,20258.787985865725,100.18888888888888,992,0.020161290322580645,59429,False
885890,1244,58977,26,1218,13204.703557312252,18908.268774703556,120.27659574468085,1244,0.02090032154340836,60221,False
886146,1,49,0,1,348.0,412.8235294117647,9.0,1,0.0,50,True
886674,11,0,0,11,18.444444444444443,37.111111111111114,18.666666666666668,11,0.0,11,False
886892,2,0,0,2,72.0,130.0,58.0,2,0.0,2,False
887276,431,896,3,428,448.77153558052436,543.561797752809,176.2173913043478,431,0.0069605568445475635,1327,False
887278,52,256,0,52,291.1313131313131,326.75757575757575,37.458333333333336,52,0.0,308,True
887280,0,8,0,0,5.166666666666667,8.5,,0,,8,True
887282,28,2327,0,28,1512.0267857142858,1815.142857142857,62.45,28,0.0,2355,False
887416,18,0,0,18,202.36363636363637,229.72727272727272,27.363636363636363,18,0.0,18,False
887802,16,121,0,16,165.51724137931035,194.86206896551724,34.833333333333336,16,0.0,137,True
887992,0,47,0,0,161.83333333333334,275.1666666666667,,0,,47,True
888406,9,6,1,8,56.92307692307692,82.15384615384616,36.42857142857143,9,0.1111111111111111,15,True
888520,6,0,0,6,231.6,250.4,18.8,6,0.0,6,False
888532,12,188,2,10,117.90588235294118,142.69411764705882,32.111111111111114,12,0.16666666666666666,200,True
888534,61,315,2,59,134.8955223880597,171.7462686567164,48.77777777777778,61,0.03278688524590164,376,True
888536,2,52,0,2,39.935483870967744,59.41935483870968,21.5,2,0.0,54,True
888538,1,5,0,1,152.66666666666666,169.5,24.0,1,0.0,6,True
888540,3,14,0,3,130.73333333333332,146.73333333333332,19.666666666666668,3,0.0,17,True
888868,20,52,1,19,200.80645161290323,250.06451612903226,31.0,20,0.05,72,True
889410,439,1015,0,439,312.88429752066116,398.1322314049587,35.151898734177216,439,0.0,1454,False
889638,4,0,0,4,14.666666666666666,34.0,19.333333333333332,4,0.0,4,False
889640,2,0,0,2,25.0,38.5,13.5,2,0.0,2,False
889754,480,1207,2,478,548.2964824120603,673.3467336683417,52.875,480,0.004166666666666667,1687,False
890226,3,3,0,3,14.2,39.0,27.333333333333332,3,0.0,6,True
890228,6,86,1,5,129.09302325581396,170.02325581395348,17.333333333333332,6,0.16666666666666666,92,True
890232,0,33,0,0,898.9333333333333,929.6,,0,,33,True
890234,0,1,0,0,85.0,97.0,,0,,1,True
890402,539,1243,0,539,1523.540909090909,1643.2545454545455,76.15068493150685,539,0.0,1782,False
890404,516,1349,2,514,1502.2304347826087,1629.304347826087,72.22077922077922,516,0.003875968992248062,1865,False
890406,425,1197,4,421,1640.25,1750.0972222222222,54.33783783783784,425,0.009411764705882352,1622,False
890410,16,1216,0,16,1320.2380952380952,1466.7551020408164,36.0,16,0.0,1232,False
890412,23,1112,0,23,1450.7945205479452,1581.9109589041095,52.714285714285715,23,0.0,1135,False
890416,0,1271,0,0,1473.9424460431655,1640.589928057554,,0,,1271,False
890420,0,695,0,0,1426.8481012658228,1589.3544303797469,,0,,695,False
890422,0,402,0,0,908.3928571428571,1041.6785714285713,,0,,402,True
890582,104,58,1,103,86.53030303030303,116.81818181818181,32.65,104,0.009615384615384616,162,True
890618,73,270,1,72,321.7012987012987,398.0,2.7096774193548385,73,0.0136986301369863,343,True
891152,0,273,0,0,788.635294117647,849.3058823529411,,0,,273,True
891154,0,528,0,0,2067.0169491525426,2147.084745762712,,0,,528,True
891156,0,18,0,0,411.90909090909093,438.0,,0,,18,True
891158,0,264,0,0,1005.0104166666666,1046.8958333333333,,0,,264,True
891160,0,370,0,0,520.4657534246576,618.2465753424658,,0,,370,True
891162,0,104,0,0,370.8285714285714,419.65714285714284,,0,,104,True
891166,0,231,0,0,666.9775280898876,710.3370786516854,,0,,231,True
891170,0,193,0,0,638.8,722.35,,0,,193,True
891192,0,1,0,0,1306.0,1338.0,,0,,1,True
891250,0,2,0,0,110.0,128.0,,0,,2,True
891252,0,86,0,0,295.9230769230769,362.0,,0,,86,True
891254,1,0,0,1,79.0,105.0,26.0,1,0.0,1,False
891410,660,2737,2,658,1268.7471264367816,1397.4022988505747,124.47142857142858,660,0.0030303030303030303,3397,False
891414,503,2498,1,502,1086.2289156626507,1178.2289156626507,100.38983050847457,503,0.0019880715705765406,3001,False
891416,142,758,0,142,417.8157894736842,463.12631578947367,44.276595744680854,142,0.0,900,False
891646,8,0,0,8,29.857142857142858,53.285714285714285,23.428571428571427,8,0.0,8,False
891744,5,6,0,5,16.25,37.625,26.75,5,0.0,11,True
891746,0,33,0,0,185.6,356.2,,0,,33,True
891824,12,32,0,12,148.47368421052633,172.57894736842104,27.857142857142858,12,0.0,44,True
891900,33,0,0,33,234.52941176470588,307.47058823529414,72.94117647058823,33,0.0,33,False
891906,67,0,0,67,434.2413793103448,495.6896551724138,61.44827586206897,67,0.0,67,False
891908,39,9,0,39,295.875,309.625,14.666666666666666,39,0.0,48,True
891918,5,1,0,5,52.5,81.0,31.2,5,0.0,6,True
891946,16,32,0,16,73.33333333333333,106.66666666666667,24.307692307692307,16,0.0,48,True
891948,1,0,0,1,33.0,36.0,3.0,1,0.0,1,False
891970,0,15,0,0,276.5,389.0,,0,,15,True
891976,0,2,0,0,0.0,23.0,,0,,2,True
891988,414,474,0,414,550.9702380952381,616.25,61.34920634920635,414,0.0,888,True
892028,0,1337,0,0,479.25,854.296875,,0,,1337,False
892530,9,9,0,9,44.06666666666667,82.4,43.142857142857146,9,0.0,18,True
892532,65,90,0,65,168.22388059701493,219.08955223880596,66.53571428571429,65,0.0,155,True
892534,28,11,0,28,731.2142857142857,807.9285714285714,117.625,28,0.0,39,True
892536,16,13,0,16,134.42857142857142,168.57142857142858,52.90909090909091,16,0.0,29,True
892538,10,116,0,10,365.92,474.12,50.0,10,0.0,126,True
892798,1,36,0,1,56.75,127.0,43.0,1,0.0,37,True
892800,0,8,0,0,430.3333333333333,463.0,,0,,8,True
893172,38,3,0,38,148.04,185.36,38.91304347826087,38,0.0,41,True
893400,2,3,0,2,18.0,33.4,19.5,2,0.0,5,True
893402,338,51,3,335,270.5213675213675,325.991452991453,67.7439024390244,338,0.008875739644970414,389,True
893420,206,29,1,205,267.09722222222223,334.31944444444446,82.76470588235294,206,0.0048543689320388345,235,True
893674,0,2468,0,0,699.9036144578313,1253.5060240963855,,0,,2468,False
893700,0,6,0,0,22.666666666666668,92.66666666666667,,0,,6,True
893804,2433,3413,10,2423,977.280276816609,1240.7612456747404,116.42990654205607,2433,0.004110152075626798,5846,False
894120,18,0,1,17,157.22222222222223,204.77777777777777,47.55555555555556,18,0.05555555555555555,18,False
894224,11,33,1,10,55.1764705882353,78.76470588235294,12.777777777777779,11,0.09090909090909091,44,True
894226,0,24,0,0,10.272727272727273,41.36363636363637,,0,,24,True
894230,6,15,1,5,54.75,75.16666666666667,31.666666666666668,6,0.16666666666666666,21,True
894232,4,16,1,3,28.923076923076923,52.76923076923077,14.333333333333334,4,0.25,20,True
894614,8,0,1,7,244.5,263.6666666666667,19.166666666666668,8,0.125,8,False
894656,20,3167,0,20,818.1764705882352,1022.2549019607843,32.2,20,0.0,3187,False
894662,1,37,0,1,539.8888888888889,567.5555555555555,9.0,1,0.0,38,True
894934,0,19,0,0,10.0,43.666666666666664,,0,,19,True
895140,4,0,0,4,45.5,121.5,76.0,4,0.0,4,False
895170,11,0,0,11,76.4,92.5,16.1,11,0.0,11,False
895172,8,82,0,8,168.48717948717947,210.5897435897436,15.333333333333334,8,0.0,90,True
895266,2,1,0,2,11.666666666666666,20.333333333333332,10.0,2,0.0,3,True
895370,0,10,0,0,108.5,143.0,,0,,10,True
895574,96,0,3,93,238.93617021276594,269.9148936170213,30.97872340425532,96,0.03125,96,False
895576,70,0,1,69,137.975,168.15,30.175,70,0.014285714285714285,70,False
895578,57,0,0,57,121.56756756756756,144.3783783783784,22.81081081081081,57,0.0,57,False
895598,3,2,0,3,18.0,28.5,9.0,3,0.0,5,True
895774,13,105,0,13,184.71794871794873,225.05128205128204,23.666666666666668,13,0.0,118,True
895776,12,239,1,11,208.71698113207546,276.8679245283019,17.5,12,0.08333333333333333,251,True
895782,13,0,0,13,60.875,92.0,31.125,13,0.0,13,False
895786,36,0,0,36,149.5,209.0,59.5,36,0.0,36,False
896008,0,193,0,0,165.76,193.93333333333334,,0,,193,True
896010,10,4,0,10,49.2,69.1,26.571428571428573,10,0.0,14,True
896012,244,0,1,243,487.11290322580646,510.83870967741933,23.725806451612904,244,0.004098360655737705,244,False
896014,14,8,0,14,54.833333333333336,68.72222222222223,15.75,14,0.0,22,True
896016,71,254,0,71,118.45323741007195,146.07194244604315,19.0,71,0.0,325,True
896018,8,9,0,8,27.866666666666667,48.93333333333333,27.125,8,0.0,17,True
896020,16,0,0,16,157.33333333333334,162.33333333333334,5.0,16,0.0,16,False
896382,36,392,0,36,1091.1612903225807,1374.8709677419354,39.09090909090909,36,0.0,428,True
896384,0,28,0,0,1038.0,1246.6666666666667,,0,,28,True
896386,0,76,0,0,2068.0,2993.0,,0,,76,True
896390,0,97,0,0,840.4,1037.5,,0,,97,True
896428,23,185,0,23,462.7692307692308,530.5641025641025,23.625,23,0.0,208,True
896430,1,14,0,1,147.6,176.0,13.0,1,0.0,15,True
896536,182,0,2,180,356.6268656716418,413.089552238806,56.46268656716418,182,0.01098901098901099,182,False
896538,14,0,1,13,189.72727272727272,250.1818181818182,60.45454545454545,14,0.07142857142857142,14,False
896708,66,152,0,66,701.0,801.4117647058823,72.0,66,0.0,218,True
897030,6,75,0,6,202.8095238095238,256.6666666666667,15.2,6,0.0,81,True
897872,3,49,1,2,171.89655172413794,183.86206896551724,21.666666666666668,3,0.3333333333333333,52,True
897894,0,19,0,0,1846.0,1899.2,,0,,19,True
898414,24,59,1,23,597.2857142857143,758.5714285714286,86.0,24,0.041666666666666664,83,True
898422,64,23,1,63,263.8181818181818,296.54545454545456,46.7,64,0.015625,87,True
898434,0,10,0,0,1.0,67.83333333333333,,0,,10,True
898558,22,0,0,22,66.66666666666667,118.5,51.833333333333336,22,0.0,22,False
898560,19,0,0,19,144.0,222.0,78.0,19,0.0,19,False
898676,2,0,0,2,78.5,86.5,8.0,2,0.0,2,False
898892,12,82,0,12,122.6086956521739,165.2173913043478,19.9,12,0.0,94,True
898902,0,22,0,0,95.14285714285714,162.57142857142858,,0,,22,True
898906,19,127,0,19,715.6153846153846,924.7692307692307,57.0,19,0.0,146,True
898920,13,37,0,13,946.0,1127.0,97.0,13,0.0,50,True
899076,0,2,0,0,0.0,23.5,,0,,2,True
899082,655,1511,1,654,431.81951219512194,630.1853658536585,195.1159420289855,655,0.0015267175572519084,2166,False
899250,286,1374,5,281,296.0462962962963,454.10185185185185,54.48809523809524,286,0.017482517482517484,1660,False
899268,31,0,2,29,131.91666666666666,158.75,26.833333333333332,31,0.06451612903225806,31,False
899788,0,603,0,0,1464.6410256410256,1760.871794871795,,0,,603,False
899790,0,716,0,0,2256.060606060606,2727.7272727272725,,0,,716,False
899892,3,0,0,3,63.666666666666664,95.33333333333333,31.666666666666668,3,0.0,3,False
899898,2,0,0,2,590.0,615.0,25.0,2,0.0,2,False
899900,2,0,0,2,191.0,249.0,58.0,2,0.0,2,False
899906,1,0,0,1,626.0,645.0,19.0,1,0.0,1,False
899912,1,0,0,1,189.0,208.0,19.0,1,0.0,1,False
899932,0,711,0,0,2137.139534883721,2446.3720930232557,,0,,711,False
899964,0,418,0,0,2100.896551724138,2375.0689655172414,,0,,418,True
899968,0,364,0,0,1592.3,1830.5666666666666,,0,,364,True
899972,0,191,0,0,728.625,830.90625,,0,,191,True
900180,9,1682,0,9,621.6923076923077,920.6538461538462,36.0,9,0.0,1691,False
900192,1,1,0,1,1.0,6.0,5.0,1,0.0,2,True
900194,55,43,2,53,248.75806451612902,289.8225806451613,32.75,55,0.03636363636363636,98,True
900352,183,307,3,180,342.50735294117646,398.05882352941177,55.21052631578947,183,0.01639344262295082,490,True
900354,142,477,4,138,367.3422818791946,429.97986577181206,51.48936170212766,142,0.028169014084507043,619,True
900458,1,28,0,1,32.0,84.81818181818181,9.0,1,0.0,29,True
900492,17,234,1,16,108.94174757281553,166.04854368932038,17.0,17,0.058823529411764705,251,True
900592,265,109,0,265,351.962962962963,392.55555555555554,44.85,265,0.0,374,True
900594,34,201,0,34,358.2289156626506,385.855421686747,18.25,34,0.0,235,True
900614,22,34,0,22,98.54285714285714,112.74285714285715,17.916666666666668,22,0.0,56,True
900742,22,16,0,22,93.58823529411765,117.23529411764706,31.444444444444443,22,0.0,38,True
900746,26,49,2,24,171.6,203.0,55.54545454545455,26,0.07692307692307693,75,True
900788,124,92,1,123,306.65,332.825,19.071428571428573,124,0.008064516129032258,216,True
900790,44,55,0,44,328.28,369.32,46.375,44,0.0,99,True
900792,1,7,0,1,28.2,50.2,34.0,1,0.0,8,True
900826,86,510,0,86,327.5212121212121,395.73939393939395,19.695652173913043,86,0.0,596,True
900892,329,933,3,326,356.8170731707317,424.7154471544715,25.666666666666668,329,0.00911854103343465,1262,False
900894,110,218,1,109,222.7537313432836,257.56716417910445,29.931818181818183,110,0.00909090909090909,328,True
901034,13,12,0,13,109.3529411764706,124.29411764705883,15.9,13,0.0,25,True
901038,5,33,0,5,195.92307692307693,213.57692307692307,28.5,5,0.0,38,True
901178,288,25,0,288,458.46666666666664,523.0666666666667,85.43333333333334,288,0.0,313,True
901350,92,0,0,92,108.90625,182.125,73.21875,92,0.0,92,False
901492,30,3,0,30,111.14814814814815,140.0,30.208333333333332,30,0.0,33,True
901498,5,0,0,5,49.5,115.75,66.25,5,0.0,5,False
901584,104,172,0,104,154.85,177.175,14.5,104,0.0,276,True
901586,41,94,0,41,172.03389830508473,190.864406779661,11.62962962962963,41,0.0,135,True
901588,27,55,0,27,176.35555555555555,195.26666666666668,8.736842105263158,27,0.0,82,True
901734,28,0,0,28,176.92307692307693,207.15384615384616,30.23076923076923,28,0.0,28,False
901880,1825,2362,11,1814,1431.8543046357615,1598.6655629139073,88.5925925925926,1825,0.006027397260273973,4187,False
901884,566,2024,1,565,918.3312693498452,1039.0557275541796,80.8,566,0.0017667844522968198,2590,False
901886,143,1416,0,143,755.9677419354839,932.3741935483871,54.22,143,0.0,1559,False
901894,30,0,0,30,344.55555555555554,427.0,82.44444444444444,30,0.0,30,False
901992,11,671,0,11,1053.15,1423.25,13.0,11,0.0,682,False
901996,3,26,0,3,185.6,309.8,43.0,3,0.0,29,True
902238,1,1,0,1,10.5,17.0,8.0,1,0.0,2,True
902510,122,1842,2,120,1243.6942148760331,1585.2231404958677,157.96153846153845,122,0.01639344262295082,1964,False
902532,239,867,1,238,987.4636363636364,1174.4272727272728,119.70588235294117,239,0.0041841004184100415,1106,False
902608,13,219,0,13,394.27272727272725,613.0909090909091,27.4,13,0.0,232,True
902720,99,2320,0,99,631.3730158730159,974.8174603174604,47.36363636363637,99,0.0,2419,False
902742,0,1173,0,0,2051.5846153846155,2416.892307692308,,0,,1173,False
902744,0,3149,0,0,1188.8271604938273,1834.3086419753085,,0,,3149,False
902746,0,2452,0,0,1819.4324324324325,2475.635135135135,,0,,2452,False
902748,0,2542,0,0,1145.5862068965516,2104.2758620689656,,0,,2542,False
902774,0,1109,0,0,1126.125,1615.3392857142858,,0,,1109,False
902776,0,1581,0,0,1692.6190476190477,2507.0714285714284,,0,,1581,False
902778,0,1300,0,0,1760.0625,2223.2083333333335,,0,,1300,False
902782,0,1302,0,0,2644.9836065573772,3144.065573770492,,0,,1302,False
902906,48,0,0,48,137.43589743589743,158.66666666666666,21.23076923076923,48,0.0,48,False
902910,28,0,1,27,81.35,118.15,36.8,28,0.03571428571428571,28,False
903254,243,1465,0,243,470.3755656108597,603.1402714932127,59.91304347826087,243,0.0,1708,False
903292,42,301,0,42,1206.65,1468.95,73.625,42,0.0,343,True
903312,127,53,2,125,218.78205128205127,259.9102564102564,42.86538461538461,127,0.015748031496062992,180,True
903318,281,1178,3,278,1002.4922279792746,1132.1243523316061,45.14035087719298,281,0.010676156583629894,1459,False
903390,9,0,0,9,68.57142857142857,88.85714285714286,20.285714285714285,9,0.0,9,False
903512,28,0,0,28,143.58823529411765,213.58823529411765,70.0,28,0.0,28,False
903974,10,0,0,10,46.5,130.0,83.5,10,0.0,10,False
903976,5,0,0,5,67.0,88.0,21.0,5,0.0,5,False
903978,4,6,0,4,35.5,48.5,38.0,4,0.0,10,True
904014,41,1249,0,41,865.0735294117648,1185.7205882352941,38.92307692307692,41,0.0,1290,False
904016,50,4681,2,48,1142.4833333333333,1896.7416666666666,35.61538461538461,50,0.04,4731,False
904038,462,215,2,460,729.8802395209581,772.7185628742515,52.65384615384615,462,0.004329004329004329,677,True
904044,108,23,1,107,523.85,559.95,46.857142857142854,108,0.009259259259259259,131,True
904058,19,0,0,19,73.0,91.29411764705883,18.294117647058822,19,0.0,19,False
904200,7,10,0,7,29.90909090909091,57.18181818181818,24.333333333333332,7,0.0,17,True
904202,7,233,0,7,656.24,818.76,13.5,7,0.0,240,True
904204,5,54,0,5,73.33333333333333,120.04166666666667,40.25,5,0.0,59,True
904284,47,0,0,47,95.89655172413794,121.0,25.103448275862068,47,0.0,47,False
904344,4,5,3,1,46.0,67.0,27.5,4,0.75,9,True
904372,3,0,0,3,22.5,56.5,34.0,3,0.0,3,False
905082,2,0,0,2,5.0,39.0,34.0,2,0.0,2,False
905104,296,187,8,288,251.77464788732394,295.443661971831,81.12698412698413,296,0.02702702702702703,483,True
905300,25,0,6,19,30.4375,64.9375,34.5,25,0.24,25,False
905308,0,3,0,0,0.0,15.0,,0,,3,True
905430,96,751,1,95,1472.12,1790.02,41.625,96,0.010416666666666666,847,False
905432,12,726,0,12,1504.7333333333333,1978.3333333333333,10.666666666666666,12,0.0,738,False
905470,0,3,0,0,94.0,104.0,,0,,3,True
905472,1,9,0,1,23.0,45.25,21.0,1,0.0,10,True
905478,1,0,0,1,22.0,58.0,36.0,1,0.0,1,False
905480,0,1,0,0,0.0,5.0,,0,,1,True
905538,244,3169,2,242,677.2489795918367,897.0979591836734,79.51851851851852,244,0.00819672131147541,3413,False
905542,117,1985,3,114,598.2890995260664,734.4075829383886,43.1,117,0.02564102564102564,2102,False
905564,57,694,1,56,215.305,270.18,45.45161290322581,57,0.017543859649122806,751,False
905566,44,861,1,43,237.23834196891193,299.8238341968912,31.08695652173913,44,0.022727272727272728,905,False
905570,0,96,0,0,137.92857142857142,161.16666666666666,,0,,96,True
905574,4,428,0,4,135.92727272727274,169.9,14.0,4,0.0,432,True
905840,0,7,0,0,66.66666666666667,89.66666666666667,,0,,7,True
905842,2,1031,0,2,714.3697478991596,839.6386554621848,115.5,2,0.0,1033,False
905844,13,1032,0,13,505.4672131147541,681.655737704918,13.583333333333334,13,0.0,1045,False
905862,102,1,15,87,221.42105263157896,252.07894736842104,31.486486486486488,102,0.14705882352941177,103,True
905870,143,559,0,143,678.5,859.8648648648649,54.54838709677419,143,0.0,702,False
905930,70,337,0,70,311.0521739130435,343.3478260869565,13.333333333333334,70,0.0,407,True
905932,36,334,0,36,345.8141592920354,378.92035398230087,11.52,36,0.0,370,True
905934,1,20,0,1,322.93333333333334,333.93333333333334,9.0,1,0.0,21,True
906070,324,71,2,322,1438.4864864864865,1818.4054054054054,889.8,324,0.006172839506172839,395,True
906076,24,1,0,24,897.0,1307.0,611.5,24,0.0,25,True
906294,308,290,1,307,335.9117647058824,364.9235294117647,29.1,308,0.003246753246753247,598,True
906296,4,197,0,4,96.06976744186046,116.54651162790698,32.5,4,0.0,201,True
906392,18,53,7,11,60.4,86.43333333333334,35.57142857142857,18,0.3888888888888889,71,True
906394,30,520,0,30,463.390243902439,502.4390243902439,45.1578947368421,30,0.0,550,True
906396,124,415,3,121,316.73809523809524,367.6984126984127,111.08823529411765,124,0.024193548387096774,539,True
906398,64,40,0,64,173.44642857142858,206.57142857142858,56.67857142857143,64,0.0,104,True
906400,130,426,3,127,244.51973684210526,289.07894736842104,93.8,130,0.023076923076923078,556,True
906402,7,17,0,7,105.3529411764706,130.94117647058823,54.0,7,0.0,24,True
906404,501,613,6,495,840.1103896103896,982.9025974025974,315.3255813953488,501,0.011976047904191617,1114,False
906406,715,1136,3,712,667.256157635468,821.5418719211823,416.1521739130435,715,0.004195804195804196,1851,False
906408,241,87,4,237,540.9672131147541,663.4754098360655,246.85714285714286,241,0.016597510373443983,328,True
906410,232,19,7,225,349.1914893617021,481.3191489361702,177.5,232,0.03017241379310345,251,True
906412,26,315,7,19,205.07777777777778,241.75555555555556,26.666666666666668,26,0.2692307692307692,341,True
906416,5,77,0,5,377.6388888888889,418.1388888888889,16.6,5,0.0,82,True
906418,4,4,0,4,67.83333333333333,88.33333333333333,20.0,4,0.0,8,True
906420,5,29,0,5,189.93333333333334,219.2,11.0,5,0.0,34,True
906680,195,160,2,193,157.48360655737704,236.19672131147541,126.78947368421052,195,0.010256410256410256,355,True
906866,0,655,0,0,779.8965517241379,1140.6206896551723,,0,,655,False
907174,9,2524,0,9,1015.1652173913044,1375.7043478260869,69.625,9,0.0,2533,False
907178,3,174,0,3,114.390625,145.875,36.0,3,0.0,177,True
907180,0,74,0,0,162.16666666666666,186.86666666666667,,0,,74,True
907182,65,230,0,65,190.96330275229357,210.5045871559633,21.0,65,0.0,295,True
907224,48,299,0,48,211.73972602739727,241.6917808219178,52.27272727272727,48,0.0,347,True
907440,6,167,0,6,110.27710843373494,131.0,23.833333333333332,6,0.0,173,True
907442,0,89,0,0,69.17021276595744,101.25531914893617,,0,,89,True
907502,242,0,2,240,202.26666666666668,283.18333333333334,80.91666666666667,242,0.008264462809917356,242,False
907504,5,25,0,5,34.76923076923077,51.38461538461539,27.25,5,0.0,30,True
907618,1,0,0,1,39.0,74.0,35.0,1,0.0,1,False
907952,51,179,2,49,178.45871559633028,195.5045871559633,29.083333333333332,51,0.0392156862745098,230,True
907964,17,60,0,17,190.4,204.6,22.833333333333332,17,0.0,77,True
907970,16,166,0,16,171.75294117647059,184.01176470588234,20.214285714285715,16,0.0,182,True
907972,5,8,0,5,83.0,104.33333333333333,14.25,5,0.0,13,True
907974,3,0,0,3,427.0,436.6666666666667,9.666666666666666,3,0.0,3,False
907982,66,87,1,65,156.13253012048193,178.74698795180723,40.8,66,0.015151515151515152,153,True
907986,1,447,0,1,176.35135135135135,206.27027027027026,20.0,1,0.0,448,True
907994,39,104,0,39,216.91139240506328,233.35443037974684,26.74074074074074,39,0.0,143,True
907998,0,2,0,0,23.0,49.0,,0,,2,True
908002,6,16,0,6,22.0,49.285714285714285,24.75,6,0.0,22,True
908078,42,56,0,42,142.34782608695653,166.82608695652175,23.93103448275862,42,0.0,98,True
908080,5,1,0,5,172.0,187.2,17.5,5,0.0,6,True
908082,27,20,0,27,175.75862068965517,189.27586206896552,15.5,27,0.0,47,True
908098,6,0,0,6,77.0,129.66666666666666,52.666666666666664,6,0.0,6,False
908130,3,0,0,3,74.66666666666667,103.0,28.333333333333332,3,0.0,3,False
908152,13,0,0,13,71.44444444444444,129.44444444444446,58.0,13,0.0,13,False
908162,3,0,0,3,140.5,220.0,79.5,3,0.0,3,False
908180,1,0,0,1,6.0,21.0,15.0,1,0.0,1,False
908300,3,0,0,3,14.5,99.0,84.5,3,0.0,3,False
908640,0,14239,0,0,6018.697674418605,9556.558139534884,,0,,14239,False
908718,0,3,0,0,14.666666666666666,53.333333333333336,,0,,3,True
908834,23,1,0,23,342.2,510.0,195.25,23,0.0,24,True
908958,952,107,3,949,767.6713286713286,957.3986013986014,277.25531914893617,952,0.0031512605042016808,1059,True
908960,695,113,14,681,463.1698113207547,572.3144654088051,150.59259259259258,695,0.02014388489208633,808,True
908984,0,8,0,0,135.5,239.5,,0,,8,True
909134,197,5,1,196,416.8857142857143,516.3285714285714,106.75384615384615,197,0.005076142131979695,202,True
909308,0,15,0,0,0.0,116.33333333333333,,0,,15,True
909392,5,0,0,5,102.6,128.6,26.0,5,0.0,5,False
909452,0,8,0,0,3394.0,3509.0,,0,,8,True
909502,0,786,0,0,1350.2222222222222,1794.5555555555557,,0,,786,False
909624,3,0,0,3,77.5,128.0,50.5,3,0.0,3,False
909768,14,0,0,14,278.64285714285717,320.64285714285717,42.0,14,0.0,14,False
909892,4,4,0,4,95.4,109.8,14.0,4,0.0,8,True
909894,1,0,0,1,19.0,32.0,13.0,1,0.0,1,False
909896,1,0,0,1,16.0,25.0,9.0,1,0.0,1,False
909910,0,318,0,0,258.01724137931035,283.2068965517241,,0,,318,True
910018,123,0,0,123,473.72,531.96,58.24,123,0.0,123,False
910038,2,0,0,2,102.0,117.0,15.0,2,0.0,2,False
910044,19,0,0,19,250.7,278.9,28.2,19,0.0,19,False
910224,11,0,0,11,41.625,60.75,19.125,11,0.0,11,False
910226,8,0,2,6,43.375,59.875,16.5,8,0.25,8,False
910516,32,0,0,32,89.54545454545455,121.4090909090909,31.863636363636363,32,0.0,32,False
910520,0,198,0,0,339.28,392.3,,0,,198,True
910524,0,85,0,0,587.6,715.0,,0,,85,True
910530,0,1061,0,0,1744.142857142857,2361.5714285714284,,0,,1061,False
910532,0,151,0,0,505.4117647058824,608.8235294117648,,0,,151,True
910540,154,0,1,153,504.6034482758621,559.948275862069,55.3448275862069,154,0.006493506493506494,154,False
910594,0,28,0,0,40.5,286.5,,0,,28,True
910902,0,15,0,0,719.25,743.875,,0,,15,True
910926,0,25,0,0,1446.4285714285713,1491.2857142857142,,0,,25,True
910958,13,0,0,13,79.2,150.1,70.9,13,0.0,13,False
911102,27,0,3,24,58.15,99.25,41.1,27,0.1111111111111111,27,False
911104,1,0,0,1,137.0,150.0,13.0,1,0.0,1,False
911136,211,0,1,210,597.304347826087,689.2608695652174,91.95652173913044,211,0.004739336492890996,211,False
911138,289,0,3,286,667.0,768.6071428571429,101.60714285714286,289,0.010380622837370242,289,False
911140,70,0,2,68,266.54545454545456,322.3030303030303,55.75757575757576,70,0.02857142857142857,70,False
911142,20,0,2,18,51.5,117.42857142857143,65.92857142857143,20,0.1,20,False
911152,2,0,0,2,59.0,102.0,43.0,2,0.0,2,False
911214,2,0,0,2,10.5,28.5,18.0,2,0.0,2,False
911310,401,95,3,398,349.96666666666664,428.84444444444443,100.07272727272728,401,0.007481296758104738,496,True
912010,144,0,2,142,157.98076923076923,207.92307692307693,49.94230769230769,144,0.013888888888888888,144,False
912252,39,224,0,39,258.9032258064516,307.19354838709677,22.37037037037037,39,0.0,263,True
912296,173,483,3,170,429.8943089430894,493.1463414634146,42.57446808510638,173,0.017341040462427744,656,True
912684,27,0,1,26,140.5,200.375,59.875,27,0.037037037037037035,27,False
912722,153,385,0,153,211.96236559139786,244.55376344086022,20.755555555555556,153,0.0,538,True
913474,2,8,0,2,42.25,94.0,74.0,2,0.0,10,True
913780,5,0,0,5,87.33333333333333,117.0,29.666666666666668,5,0.0,5,False
913788,793,963,2,791,656.1724137931035,819.1954022988506,192.0151515151515,793,0.0025220680958385876,1756,False
913868,19,18,0,19,162.75,221.75,48.0,19,0.0,37,True
913886,2,0,1,1,19.0,32.5,13.5,2,0.5,2,False
913938,4766,408,14,4752,2497.6824324324325,2836.5337837837837,526.974025974026,4766,0.0029374737725556023,5174,True
913942,2467,440,52,2415,1622.1703703703704,1905.1185185185186,347.91764705882355,2467,0.02107823267126064,2907,True
913984,1,6,0,1,71.0,88.33333333333333,17.0,1,0.0,7,True
914036,0,18,0,0,375.0,492.3333333333333,,0,,18,True
914050,12,387,0,12,822.24,1004.96,10.2,12,0.0,399,True
914052,0,1368,0,0,288.59302325581393,556.3372093023256,,0,,1368,False
914168,1,10,0,1,197.83333333333334,253.0,11.0,1,0.0,11,True
914170,12,4,0,12,305.625,328.75,28.6,12,0.0,16,True
914172,6,0,0,6,56.5,91.0,34.5,6,0.0,6,False
914238,0,335,0,0,318.5882352941176,367.5,,0,,335,True
914240,0,46,0,0,276.5,378.875,,0,,46,True
914256,24,1,0,24,87.4375,111.0,24.533333333333335,24,0.0,25,True
914266,0,5,0,0,24.0,46.333333333333336,,0,,5,True
914272,0,1,0,0,0.0,9.0,,0,,1,True
914338,0,48,0,0,95.91666666666667,124.83333333333333,,0,,48,True
914348,0,6,0,0,338.25,347.25,,0,,6,True
914426,3,4,0,3,109.8,140.4,23.0,3,0.0,7,True
914440,30,1,1,29,182.2,210.95,30.157894736842106,30,0.03333333333333333,31,True
914626,0,1,0,0,0.0,0.0,,0,,1,True
914630,19,136,0,19,278.2708333333333,345.1666666666667,19.833333333333332,19,0.0,155,True
914636,3,15,0,3,179.8181818181818,202.54545454545453,14.0,3,0.0,18,True
914816,0,7,0,0,221.71428571428572,241.57142857142858,,0,,7,True
914842,6,0,0,6,289.6666666666667,308.5,18.833333333333332,6,0.0,6,False
914848,2,15,0,2,137.71428571428572,184.28571428571428,18.5,2,0.0,17,True
914870,5,4,0,5,45.833333333333336,65.16666666666667,21.0,5,0.0,9,True
915358,0,253,0,0,139.640625,167.625,,0,,253,True
915360,0,271,0,0,251.02597402597402,275.4805194805195,,0,,271,True
915504,0,33,0,0,686.0,795.5714285714286,,0,,33,True
915556,185,2110,3,182,954.1827411167512,1233.7106598984772,19.9672131147541,185,0.016216216216216217,2295,False
915558,0,161,0,0,505.76,589.52,,0,,161,True
915614,2,62,0,2,82.94444444444444,127.38888888888889,56.0,2,0.0,64,True
915958,11,19,0,11,312.06666666666666,346.06666666666666,37.166666666666664,11,0.0,30,True
916424,404,141,3,401,544.5394736842105,619.0394736842105,118.85714285714286,404,0.007425742574257425,545,True
916596,0,30,0,0,503.6666666666667,627.3333333333334,,0,,30,True
916618,52,105,0,52,199.0,235.0701754385965,35.4,52,0.0,157,True
917234,5,1174,0,5,1075.72131147541,1404.2295081967213,13.8,5,0.0,1179,False
917252,6,12,0,6,78.83333333333333,113.25,83.0,6,0.0,18,True
917378,2,14,0,2,53.5,87.75,12.5,2,0.0,16,True
917446,0,15,0,0,87.66666666666667,128.0,,0,,15,True
917680,2,43,0,2,50.333333333333336,95.4,100.0,2,0.0,45,True
917682,0,7,0,0,7.5,32.0,,0,,7,True
917846,3,32,0,3,303.3333333333333,325.8333333333333,12.5,3,0.0,35,True
917850,166,162,1,165,187.65040650406505,220.260162601626,58.645833333333336,166,0.006024096385542169,328,True
917852,375,1017,1,374,678.0,811.265306122449,151.7872340425532,375,0.0026666666666666666,1392,False
917856,3,74,0,3,291.59375,309.90625,16.5,3,0.0,77,True
917858,1,2,0,1,76.5,89.5,14.0,1,0.0,3,True
917876,8,2,0,8,45.111111111111114,59.111111111111114,15.428571428571429,8,0.0,10,True
917890,0,1,0,0,647.0,660.0,,0,,1,True
918390,0,246,0,0,1639.138888888889,1692.611111111111,,0,,246,True
918436,34,728,1,33,788.3913043478261,1015.0,31.6,34,0.029411764705882353,762,False
918452,0,313,0,0,274.10526315789474,304.2,,0,,313,True
918888,8,3,1,7,13.818181818181818,24.181818181818183,9.375,8,0.125,11,True
918956,2,17,0,2,52.2,90.8,34.5,2,0.0,19,True
918958,1,8,0,1,10.5,40.75,37.0,1,0.0,9,True
918978,744,1239,4,740,1192.0827067669172,1420.8947368421052,166.9318181818182,744,0.005376344086021506,1983,False
918986,566,1397,0,566,1085.6076923076923,1343.9846153846154,137.125,566,0.0,1963,False
918988,1,1,0,1,8.0,14.5,13.0,1,0.0,2,True
919126,0,291,0,0,371.7,645.75,,0,,291,True
919128,0,388,0,0,42.888888888888886,498.3333333333333,,0,,388,True
919162,0,2757,0,0,4059.0,5966.967741935484,,0,,2757,False
919164,648,10,3,645,1716.3636363636363,1905.3181818181818,287.35714285714283,648,0.004629629629629629,658,True
919166,993,20,6,987,2454.625,2700.0416666666665,401.7142857142857,993,0.006042296072507553,1013,True
919188,0,831,0,0,3927.1666666666665,5452.166666666667,,0,,831,False
919190,2,83,0,2,470.4,741.0,11.0,2,0.0,85,True
919192,0,2158,0,0,3948.5,5294.46875,,0,,2158,False
919194,0,1295,0,0,3523.8823529411766,4353.970588235294,,0,,1295,False
919196,0,2713,0,0,4069.970588235294,5750.35294117647,,0,,2713,False
919198,0,1066,0,0,1877.7619047619048,2893.7619047619046,,0,,1066,False
919200,0,1242,0,0,3051.153846153846,4083.653846153846,,0,,1242,False
919202,0,2433,0,0,3979.222222222222,5416.027777777777,,0,,2433,False
919204,1167,9,9,1158,3925.7916666666665,4319.833333333333,550.9411764705883,1167,0.007712082262210797,1176,True
919206,926,1,9,917,1638.15,2007.6,388.05263157894734,926,0.009719222462203024,927,True
919214,18,1,0,18,250.9090909090909,298.45454545454544,51.1,18,0.0,19,True
919218,21,287,1,20,445.9347826086956,570.7173913043479,28.3,21,0.047619047619047616,308,True
919302,0,2312,0,0,6706.878787878788,8516.515151515152,,0,,2312,False
919306,0,1504,0,0,3964.04,5329.84,,0,,1504,False
919310,0,2077,0,0,1468.7906976744187,2553.5581395348836,,0,,2077,False
919314,0,2416,0,0,2714.4285714285716,4655.892857142857,,0,,2416,False
919318,0,1813,0,0,1040.1,2222.3333333333335,,0,,1813,False
919362,0,2326,0,0,4357.357142857143,6324.642857142857,,0,,2326,False
919364,0,4820,0,0,2397.756097560976,5202.1463414634145,,0,,4820,False
919370,0,1324,0,0,3296.3333333333335,4504.916666666667,,0,,1324,False
919372,0,1563,0,0,1351.0384615384614,2807.653846153846,,0,,1563,False
919374,0,2021,0,0,2235.6428571428573,4010.6785714285716,,0,,2021,False
919376,0,1284,0,0,3105.913043478261,4254.608695652174,,0,,1284,False
919378,0,1114,0,0,2213.125,3633.0,,0,,1114,False
919382,0,1629,0,0,1254.0434782608695,2559.6521739130435,,0,,1629,False
919390,0,721,0,0,954.0714285714286,1858.5714285714287,,0,,721,False
919418,0,2,0,0,0.0,10.0,,0,,2,True
919456,0,1147,0,0,1850.5833333333333,2817.6666666666665,,0,,1147,False
919464,0,1289,0,0,2355.4,3386.92,,0,,1289,False
919476,0,1871,0,0,2361.464285714286,3799.25,,0,,1871,False
919482,0,1392,0,0,3671.6363636363635,4985.909090909091,,0,,1392,False
919490,0,1668,0,0,2820.96,4148.64,,0,,1668,False
919504,0,1971,0,0,3390.5416666666665,5261.333333333333,,0,,1971,False
919536,2,8,0,2,62.57142857142857,77.57142857142857,9.0,2,0.0,10,True
919552,1089,63,1,1088,1336.2075471698113,1692.5377358490566,561.7575757575758,1089,0.0009182736455463728,1152,True
919554,1182,11,11,1171,1380.654761904762,1837.297619047619,503.1578947368421,1182,0.009306260575296108,1193,True
919790,1578,23,0,1578,1430.581081081081,2148.527027027027,866.8032786885246,1578,0.0,1601,True
919792,750,68,1,749,696.6947368421053,943.3684210526316,397.2280701754386,750,0.0013333333333333333,818,True
919794,1136,21,1,1135,2141.4761904761904,2914.8809523809523,1007.375,1136,0.0008802816901408451,1157,True
919896,5,0,1,4,120.75,138.25,17.5,5,0.2,5,False
919906,0,1497,0,0,2737.029411764706,3770.676470588235,,0,,1497,False
919910,0,327,0,0,918.375,1187.0,,0,,327,True
919956,12,0,0,12,17.416666666666668,28.166666666666668,10.75,12,0.0,12,False
919958,2,0,0,2,38.0,73.0,35.0,2,0.0,2,False
919994,20,0,0,20,154.66666666666666,224.16666666666666,69.5,20,0.0,20,False
920146,0,84,0,0,164.05882352941177,188.6764705882353,,0,,84,True
920414,0,1266,0,0,3569.4,4833.75,,0,,1266,False
920416,0,1576,0,0,996.2222222222222,1821.5925925925926,,0,,1576,False
920666,178,264,1,177,621.94,676.85,39.707317073170735,178,0.0056179775280898875,442,True
920706,68,140,6,62,253.27142857142857,301.45714285714286,60.22222222222222,68,0.08823529411764706,208,True
920720,114,200,0,114,309.87368421052633,358.0210526315789,50.714285714285715,114,0.0,314,True
920726,58,52,1,57,174.08,204.08,38.45454545454545,58,0.017241379310344827,110,True
920728,201,99,4,197,445.6027397260274,505.86301369863014,87.97297297297297,201,0.01990049751243781,300,True
920732,116,157,0,116,507.51612903225805,579.5806451612904,68.83333333333333,116,0.0,273,True
920838,65,172,0,65,343.06849315068496,391.32876712328766,31.666666666666668,65,0.0,237,True
920852,192,277,2,190,340.3762376237624,398.16831683168317,52.075,192,0.010416666666666666,469,True
920874,33,0,0,33,234.68421052631578,282.7368421052632,48.05263157894737,33,0.0,33,False
920902,48,17,1,47,152.24242424242425,224.57575757575756,88.58333333333333,48,0.020833333333333332,65,True
920928,0,15,0,0,23.333333333333332,52.666666666666664,,0,,15,True
920930,1,0,0,1,21.0,83.0,62.0,1,0.0,1,False
920982,51,0,0,51,258.51851851851853,306.74074074074076,48.22222222222222,51,0.0,51,False
921062,113,6,0,113,292.35135135135135,327.2432432432432,36.85294117647059,113,0.0,119,True
921102,13,15,0,13,91.78947368421052,109.10526315789474,29.333333333333332,13,0.0,28,True
921104,6,9,0,6,89.85714285714286,116.85714285714286,30.75,6,0.0,15,True
921116,0,102,0,0,179.2,210.5,,0,,102,True
921306,398,542,4,394,438.5079365079365,603.547619047619,179.08510638297872,398,0.010050251256281407,940,True
921316,0,80,0,0,90.29729729729729,106.16216216216216,,0,,80,True
921318,2323,2560,6,2317,1938.158940397351,2414.026490066225,615.4181818181818,2323,0.002582866982350409,4883,False
921320,79,269,1,78,228.55,360.78333333333336,85.76190476190476,79,0.012658227848101266,348,True
921574,0,1506,0,0,3759.818181818182,5297.818181818182,,0,,1506,False
921584,0,1266,0,0,664.5185185185185,1586.5185185185185,,0,,1266,False
921592,0,1602,0,0,2038.25,3533.25,,0,,1602,False
921594,0,1078,0,0,2918.277777777778,4146.444444444444,,0,,1078,False
921596,0,1270,0,0,2947.9545454545455,4202.681818181818,,0,,1270,False
921814,42,43,4,38,189.54545454545453,215.63636363636363,56.6,42,0.09523809523809523,85,True
921818,1808,2106,10,1798,1009.0253807106599,1282.3147208121827,271.4428571428571,1808,0.0055309734513274336,3914,False
922114,1,11,0,1,145.71428571428572,166.28571428571428,61.0,1,0.0,12,True
922142,0,733,0,0,362.3269230769231,528.5192307692307,,0,,733,False
922154,2,0,0,2,50.0,59.0,9.0,2,0.0,2,False
922356,18,0,0,18,332.22222222222223,384.6666666666667,52.44444444444444,18,0.0,18,False
922428,27,204,0,27,423.6029411764706,469.45588235294116,14.25,27,0.0,231,True
922474,63,211,0,63,328.57142857142856,370.74603174603175,31.6875,63,0.0,274,True
922476,0,196,0,0,586.0714285714286,641.6904761904761,,0,,196,True
922486,1,5,0,1,55.0,59.0,8.0,1,0.0,6,True
922698,4,12,0,4,23.571428571428573,33.714285714285715,21.5,4,0.0,16,True
922710,0,1590,0,0,2329.125,3696.2083333333335,,0,,1590,False
923250,0,148,0,0,2435.2631578947367,2544.0,,0,,148,True
923254,1,9,0,1,676.25,715.0,45.0,1,0.0,10,True
923526,901,1832,2,899,629.2295081967213,844.327868852459,111.11111111111111,901,0.0022197558268590455,2733,False
923528,119,638,2,117,207.0873015873016,320.984126984127,59.9375,119,0.01680672268907563,757,False
923646,1,0,0,1,14.0,33.0,19.0,1,0.0,1,False
923666,0,1805,0,0,3702.212121212121,4791.666666666667,,0,,1805,False
923744,1,0,0,1,55.0,60.0,5.0,1,0.0,1,False
923944,41,0,0,41,75.28571428571429,92.5,17.214285714285715,41,0.0,41,False
924356,0,262,0,0,215.23880597014926,256.3880597014925,,0,,262,True
924370,0,14,0,0,84.54545454545455,92.0909090909091,,0,,14,True
924544,104,13,0,104,271.77272727272725,289.75,20.176470588235293,104,0.0,117,True
924546,44,71,1,43,428.44444444444446,455.1666666666667,30.47826086956522,44,0.022727272727272728,115,True
924572,0,1,0,0,0.0,1.0,,0,,1,True
924614,6,16,0,6,38.833333333333336,47.666666666666664,9.25,6,0.0,22,True
924662,1,0,0,1,28.0,48.0,20.0,1,0.0,1,False
924928,30,49,1,29,184.88372093023256,224.2093023255814,65.2,30,0.03333333333333333,79,True
924930,21,224,1,20,275.29761904761904,333.4761904761905,35.38461538461539,21,0.047619047619047616,245,True
924932,3,28,0,3,114.34782608695652,134.1304347826087,18.0,3,0.0,31,True
924934,5,569,0,5,379.0792079207921,482.4257425742574,64.0,5,0.0,574,False
924936,8,0,2,6,80.33333333333333,106.0,25.666666666666668,8,0.25,8,False
924940,8,193,0,8,237.20289855072463,282.6376811594203,27.333333333333332,8,0.0,201,True
924946,7,41,0,7,321.24,357.08,43.0,7,0.0,48,True
924948,15,238,1,14,238.0989010989011,295.42857142857144,22.666666666666668,15,0.06666666666666667,253,True
924950,25,287,0,25,305.9158878504673,358.803738317757,34.705882352941174,25,0.0,312,True
924952,22,90,0,22,155.1578947368421,188.40350877192984,42.45454545454545,22,0.0,112,True
924954,19,118,1,18,220.77586206896552,262.58620689655174,46.46153846153846,19,0.05263157894736842,137,True
924956,32,62,0,32,167.2391304347826,204.17391304347825,32.73684210526316,32,0.0,94,True
924958,29,215,0,29,189.69072164948454,227.0721649484536,22.0,29,0.0,244,True
924960,54,230,1,53,163.67164179104478,199.78358208955223,38.064516129032256,54,0.018518518518518517,284,True
925104,873,1183,0,873,711.2874251497007,876.7425149700599,112.12068965517241,873,0.0,2056,False
925106,21,0,0,21,68.93333333333334,106.66666666666667,37.733333333333334,21,0.0,21,False
925134,0,44,0,0,1847.5,2282.5,,0,,44,True
925808,11,0,0,11,76.77777777777777,100.0,23.22222222222222,11,0.0,11,False
925826,157,510,1,156,580.2727272727273,673.3818181818182,29.45945945945946,157,0.006369426751592357,667,True
925828,160,429,0,160,568.91,652.23,29.41176470588235,160,0.0,589,True
925922,418,19603,10,408,11353.17808219178,17158.205479452055,104.14814814814815,418,0.023923444976076555,20021,False
926184,36,31,0,36,254.88888888888889,283.22222222222223,25.8,36,0.0,67,True
926214,3,0,0,3,277.0,304.0,27.0,3,0.0,3,False
926312,10,130,0,10,332.86538461538464,409.78846153846155,15.0,10,0.0,140,True
926486,14,2280,0,14,1970.7142857142858,2493.0102040816328,10.727272727272727,14,0.0,2294,False
926490,11,133,1,10,340.4313725490196,387.7647058823529,27.333333333333332,11,0.09090909090909091,144,True
926872,24,7,3,21,124.36842105263158,129.52631578947367,1.4615384615384615,24,0.125,31,True
927070,32,0,0,32,250.95,321.7,70.75,32,0.0,32,False
927142,4,3,0,4,339.85714285714283,345.14285714285717,3.75,4,0.0,7,True
927908,5,0,0,5,299.3333333333333,303.6666666666667,4.333333333333333,5,0.0,5,False
927910,23,0,1,22,261.6666666666667,268.22222222222223,6.555555555555555,23,0.043478260869565216,23,False
927912,17,0,1,16,317.5,323.25,5.75,17,0.058823529411764705,17,False
927916,134,426,0,134,587.15,713.9333333333333,15.277777777777779,134,0.0,560,True
928022,4,0,0,4,74.0,105.0,31.0,4,0.0,4,False
928092,5,0,0,5,57.666666666666664,136.33333333333334,78.66666666666667,5,0.0,5,False
928142,7,0,0,7,24.285714285714285,38.0,13.714285714285714,7,0.0,7,False
928202,25,0,0,25,429.92857142857144,456.42857142857144,26.5,25,0.0,25,False
928228,0,47,0,0,779.0,954.25,,0,,47,True
928282,0,2,0,0,0.0,8.0,,0,,2,True
928284,0,2,0,0,0.0,11.0,,0,,2,True
928312,18,1851,0,18,575.0618556701031,807.1649484536083,18.642857142857142,18,0.0,1869,False
928382,9,9,1,8,19.2,32.666666666666664,3.857142857142857,9,0.1111111111111111,18,True
928404,5,0,0,5,95.33333333333333,121.0,25.666666666666668,5,0.0,5,False
928518,0,312,0,0,2024.1666666666667,3200.8333333333335,,0,,312,True
928886,53,681,1,52,2414.7978723404253,2577.531914893617,18.16,53,0.018867924528301886,734,False
928888,314,553,1,313,617.2616822429907,760.3271028037383,72.11428571428571,314,0.0031847133757961785,867,False
928926,1,15,0,1,59.0,90.66666666666667,5.0,1,0.0,16,True
929228,1,87,0,1,163.36363636363637,200.6969696969697,24.0,1,0.0,88,True
929332,36,0,0,36,641.0,674.5,33.5,36,0.0,36,False
929340,8,0,0,8,236.0,294.1666666666667,58.166666666666664,8,0.0,8,False
929424,1266,3963,5,1261,1157.1023622047244,1658.6771653543308,33.87755102040816,1266,0.0039494470774091624,5229,False
929426,0,11189,0,0,4308.080645161291,7646.870967741936,,0,,11189,False
929428,0,23754,0,0,4263.3538461538465,9741.476923076923,,0,,23754,False
929542,0,2,0,0,6.0,15.0,,0,,2,True
929544,0,66,0,0,344.0769230769231,392.3076923076923,,0,,66,True
929622,12,4,0,12,149.8181818181818,166.1818181818182,20.25,12,0.0,16,True
929626,35,20,0,35,163.93333333333334,184.73333333333332,24.333333333333332,35,0.0,55,True
929876,36,78,1,35,210.9344262295082,245.44262295081967,25.894736842105264,36,0.027777777777777776,114,True
929884,31,25,0,31,159.44,209.8,44.54545454545455,31,0.0,56,True
930020,85,555,5,80,1952.4444444444443,2081.686868686869,24.24137931034483,85,0.058823529411764705,640,False
930186,5,53,0,5,366.57894736842104,423.89473684210526,6.75,5,0.0,58,True
930242,4,0,1,3,74.25,91.5,17.25,4,0.25,4,False
930264,4,0,0,4,133.0,146.0,13.0,4,0.0,4,False
930326,10,1,0,10,156.66666666666666,171.33333333333334,14.625,10,0.0,11,True
930510,2,2,0,2,161.25,176.75,22.0,2,0.0,4,True
930524,0,28,0,0,1147.0,1203.875,,0,,28,True
930582,1,0,0,1,62.0,78.0,16.0,1,0.0,1,False
930586,0,224,0,0,566.8039215686274,655.4705882352941,,0,,224,True
930590,0,62,0,0,338.61538461538464,388.61538461538464,,0,,62,True
930594,2,53,0,2,530.0714285714286,574.25,21.0,2,0.0,55,True
930660,4,19,0,4,281.6666666666667,309.1666666666667,13.0,4,0.0,23,True
930662,0,23,0,0,134.72727272727272,165.1818181818182,,0,,23,True
930690,2,4,0,2,9.4,21.4,6.5,2,0.0,6,True
930692,0,6,0,0,58.0,63.0,,0,,6,True
930814,11,3,0,11,141.9090909090909,164.1818181818182,19.444444444444443,11,0.0,14,True
930816,4,1,0,4,115.0,128.8,12.75,4,0.0,5,True
930818,3,0,0,3,141.0,154.66666666666666,13.666666666666666,3,0.0,3,False
930820,5,1,0,5,58.5,72.33333333333333,14.2,5,0.0,6,True
930908,34,40,0,34,150.72093023255815,160.11627906976744,8.818181818181818,34,0.0,74,True
930910,1,12,0,1,174.6,182.0,5.0,1,0.0,13,True
930912,0,215,0,0,412.8333333333333,588.7777777777778,,0,,215,True
930914,0,314,0,0,177.33898305084745,278.135593220339,,0,,314,True
931458,2078,2363,12,2066,1863.3428571428572,2411.057142857143,681.9615384615385,2078,0.005774783445620789,4441,False
931914,31,0,0,31,184.72222222222223,213.05555555555554,28.333333333333332,31,0.0,31,False
932050,0,145,0,0,661.7692307692307,864.3846153846154,,0,,145,True
932088,0,12,0,0,425.6666666666667,472.3333333333333,,0,,12,True
932246,0,1,0,0,0.0,60.0,,0,,1,True
932292,6,97,0,6,233.5,289.96875,22.0,6,0.0,103,True
932304,2,44,0,2,193.89473684210526,236.26315789473685,20.0,2,0.0,46,True
932460,25,0,1,24,209.26666666666668,237.13333333333333,27.866666666666667,25,0.04,25,False
932498,1,274,0,1,735.8,1096.3333333333333,11.0,1,0.0,275,True
932500,8,1167,0,8,851.96,1212.26,24.0,8,0.0,1175,False
932502,4,755,0,4,1216.1176470588234,1636.0,15.75,4,0.0,759,False
932672,7,0,0,7,227.66666666666666,231.0,3.3333333333333335,7,0.0,7,False
932676,0,4,0,0,14.0,32.5,,0,,4,True
932750,12,17,0,12,217.23076923076923,245.69230769230768,23.0,12,0.0,29,True
932754,2,3,0,2,13.6,22.0,5.5,2,0.0,5,True
932798,98,10,1,97,299.29411764705884,330.70588235294116,36.96153846153846,98,0.01020408163265306,108,True
932836,21,305,0,21,322.27659574468083,374.3404255319149,24.545454545454547,21,0.0,326,True
932856,0,4,0,0,337.0,345.0,,0,,4,True
933070,67,782,1,66,2922.25,3771.75,72.66666666666667,67,0.014925373134328358,849,False
933244,2,84,0,2,570.2,727.6,9.0,2,0.0,86,True
933452,0,4,0,0,4.25,12.75,,0,,4,True
933804,25,0,0,25,95.07142857142857,119.78571428571429,24.714285714285715,25,0.0,25,False
933806,0,336,0,0,281.82608695652175,412.89130434782606,,0,,336,True
933810,0,107,0,0,265.29411764705884,380.5882352941176,,0,,107,True
933832,23,0,0,23,125.75,162.625,36.875,23,0.0,23,False
933986,14,10,1,13,112.14285714285714,127.5,23.0,14,0.07142857142857142,24,True
933996,4,11,0,4,30.083333333333332,45.75,25.5,4,0.0,15,True
934000,8,2,0,8,60.0,78.14285714285714,24.4,8,0.0,10,True
934074,37,0,1,36,258.94736842105266,287.05263157894734,28.105263157894736,37,0.02702702702702703,37,False
934076,11,0,1,10,30.857142857142858,75.28571428571429,44.42857142857143,11,0.09090909090909091,11,False
934098,6,0,2,4,9.0,40.8,31.8,6,0.3333333333333333,6,False
934170,8,0,0,8,123.8,140.2,16.4,8,0.0,8,False
934188,6,2,0,6,42.8,67.8,34.666666666666664,6,0.0,8,True
934424,6,0,0,6,47.8,80.6,32.8,6,0.0,6,False
934426,0,222,0,0,883.8,1946.0,,0,,222,True
934428,36,0,0,36,251.14285714285714,291.6190476190476,40.476190476190474,36,0.0,36,False
934430,28,0,1,27,206.36363636363637,241.54545454545453,35.18181818181818,28,0.03571428571428571,28,False
934432,8,0,0,8,161.16666666666666,209.0,47.833333333333336,8,0.0,8,False
934476,1,10,0,1,8.666666666666666,99.66666666666667,13.0,1,0.0,11,True
934534,127,0,2,125,223.18421052631578,285.0263157894737,61.8421052631579,127,0.015748031496062992,127,False
934608,9,0,0,9,123.85714285714286,141.0,17.142857142857142,9,0.0,9,False
935216,2,33,0,2,187.47368421052633,200.78947368421052,5.0,2,0.0,35,True
935244,2,27,0,2,500.625,567.125,38.0,2,0.0,29,True
935246,0,4,0,0,25.666666666666668,34.333333333333336,,0,,4,True
935264,4,55,0,4,748.5,862.375,14.0,4,0.0,59,True
935268,5,0,0,5,32.25,44.25,12.0,5,0.0,5,False
935348,147,169,1,146,331.6829268292683,369.9512195121951,51.63636363636363,147,0.006802721088435374,316,True
935394,1,0,0,1,130.0,137.0,7.0,1,0.0,1,False
935548,19,3,0,19,94.26666666666667,110.4,17.25,19,0.0,22,True
935870,8,0,0,8,37.857142857142854,52.57142857142857,14.714285714285714,8,0.0,8,False
935956,2,1,0,2,86.33333333333333,126.0,52.5,2,0.0,3,True
935958,35,0,1,34,291.35,330.3,38.95,35,0.02857142857142857,35,False
936110,156,0,0,156,424.5853658536585,484.2926829268293,59.707317073170735,156,0.0,156,False
936296,0,4,0,0,0.0,34.666666666666664,,0,,4,True
936324,28,95,0,28,216.11764705882354,297.29411764705884,32.666666666666664,28,0.0,123,True
936382,1,390,0,1,606.0526315789474,781.5263157894736,39.0,1,0.0,391,True
936514,81,0,1,80,261.6764705882353,306.6764705882353,45.0,81,0.012345679012345678,81,False
936984,70,0,0,70,213.21875,243.46875,30.25,70,0.0,70,False
937156,0,65,0,0,186.6315789473684,238.89473684210526,,0,,65,True
937352,0,31,0,0,213.08333333333334,252.33333333333334,,0,,31,True
937362,5,5,0,5,143.0,196.6,126.5,5,0.0,10,True
937366,3,2,0,3,71.5,114.5,80.5,3,0.0,5,True
937368,22,10,4,18,79.0,114.52941176470588,40.84615384615385,22,0.18181818181818182,32,True
937370,1,5,0,1,19.5,38.5,7.0,1,0.0,6,True
937372,0,1171,0,0,1177.5652173913043,2034.1304347826087,,0,,1171,False
937374,25,0,0,25,141.375,197.3125,55.9375,25,0.0,25,False
937422,0,36,0,0,83.92307692307692,93.76923076923077,,0,,36,True
937428,0,8,0,0,53.25,65.25,,0,,8,True
937430,0,33,0,0,50.9,78.0,,0,,33,True
937432,3,19,1,2,24.375,43.75,12.0,3,0.3333333333333333,22,True
937604,7,52,0,7,147.33333333333334,165.94444444444446,16.0,7,0.0,59,True
937650,0,91,0,0,341.1666666666667,618.3333333333334,,0,,91,True
937678,16,159,0,16,120.63492063492063,181.47619047619048,15.833333333333334,16,0.0,175,True
937708,190,648,0,190,555.8695652173913,760.4565217391304,78.1875,190,0.0,838,False
937710,0,1,0,0,0.0,15.0,,0,,1,True
937716,0,1,0,0,0.0,19.0,,0,,1,True
937720,0,1,0,0,9.0,45.0,,0,,1,True
937732,116,191,2,114,268.3614457831325,323.8192771084337,60.1764705882353,116,0.017241379310344827,307,True
937736,284,1153,2,282,559.6373626373627,904.6263736263736,109.52941176470588,284,0.007042253521126761,1437,False
937742,16,3,0,16,104.21428571428571,126.28571428571429,23.636363636363637,16,0.0,19,True
937750,57,46,1,56,272.7096774193548,328.51612903225805,53.0,57,0.017543859649122806,103,True
937752,412,1616,0,412,1242.9591836734694,1602.3979591836735,118.36842105263158,412,0.0,2028,False
937760,292,727,1,291,444.5473684210526,633.0947368421052,97.45714285714286,292,0.003424657534246575,1019,False
937762,96,196,1,95,149.70652173913044,231.02173913043478,38.78787878787879,96,0.010416666666666666,292,True
937770,0,1,0,0,0.0,37.0,,0,,1,True
937772,0,1,0,0,0.0,18.0,,0,,1,True
937774,140,138,0,140,622.9333333333333,789.1666666666666,79.91666666666667,140,0.0,278,True
937778,0,1,0,0,0.0,19.0,,0,,1,True
937780,160,783,2,158,480.5052631578947,712.4421052631579,49.083333333333336,160,0.0125,943,False
937782,25,26,0,25,54.921052631578945,82.60526315789474,20.875,25,0.0,51,True
937786,3,12,0,3,146.28571428571428,183.42857142857142,13.5,3,0.0,15,True
937788,125,472,0,125,367.7283950617284,501.71604938271605,52.111111111111114,125,0.0,597,True
937808,127,811,1,126,447.62068965517244,696.5172413793103,45.7,127,0.007874015748031496,938,False
937810,80,274,0,80,173.5568181818182,261.9886363636364,23.06451612903226,80,0.0,354,True
937812,166,187,1,165,395.0375,479.9125,75.26666666666667,166,0.006024096385542169,353,True
937854,164,553,0,164,373.17525773195877,511.3298969072165,48.58064516129032,164,0.0,717,False
937856,11,28,0,11,63.61538461538461,93.6923076923077,17.142857142857142,11,0.0,39,True
937860,224,1424,5,219,1043.4938271604938,1453.8148148148148,54.0,224,0.022321428571428572,1648,False
937862,122,353,0,122,683.8235294117648,802.564705882353,48.93103448275862,122,0.0,475,True
937864,48,49,1,47,347.51851851851853,397.2962962962963,27.5,48,0.020833333333333332,97,True
937868,63,250,1,62,427.6216216216216,515.2837837837837,30.130434782608695,63,0.015873015873015872,313,True
937870,0,13,0,0,26.0,76.25,,0,,13,True
937872,0,1,0,0,0.0,18.0,,0,,1,True
937874,19,131,1,18,550.5625,786.375,28.666666666666668,19,0.05263157894736842,150,True
937880,7,0,0,7,65.4,78.4,13.0,7,0.0,7,False
937888,193,972,0,193,549.28125,824.9583333333334,45.371428571428574,193,0.0,1165,False
937898,9,32,2,7,561.2,701.6,34.0,9,0.2222222222222222,41,True
937900,0,4,0,0,30.5,86.5,,0,,4,True
937902,247,899,1,246,812.5274725274726,1097.6703296703297,97.36666666666666,247,0.004048582995951417,1146,False
937956,773,1,24,749,1487.5833333333333,1504.7333333333333,17.440677966101696,773,0.031047865459249677,774,True
937958,292,0,8,284,657.6603773584906,696.4905660377359,38.83018867924528,292,0.0273972602739726,292,False
937960,204,0,2,202,629.0212765957447,676.9787234042553,47.95744680851064,204,0.00980392156862745,204,False
937962,106,0,3,103,364.6216216216216,414.13513513513516,49.513513513513516,106,0.02830188679245283,106,False
937966,243,819,2,241,500.1847826086956,700.6739130434783,63.9375,243,0.00823045267489712,1062,False
937980,82,145,0,82,368.52,452.14,42.8,82,0.0,227,True
937984,24,39,0,24,77.57692307692308,107.46153846153847,25.333333333333332,24,0.0,63,True
937988,72,274,0,72,367.23880597014926,500.13432835820896,30.8,72,0.0,346,True
938022,14,265,0,14,684.1875,1019.9375,30.2,14,0.0,279,True
938070,0,671,0,0,4235.625,5980.875,,0,,671,False
938072,0,472,0,0,2295.5,3395.875,,0,,472,True
938074,0,611,0,0,3436.1,4747.0,,0,,611,False
938078,0,750,0,0,3628.090909090909,5240.454545454545,,0,,750,False
938080,0,660,0,0,3964.75,5836.375,,0,,660,False
938414,93,46,2,91,667.6428571428571,754.1071428571429,238.55555555555554,93,0.021505376344086023,139,True
938432,9,0,0,9,222.5,253.16666666666666,30.666666666666668,9,0.0,9,False
938612,64,125,0,64,410.4864864864865,453.86486486486484,20.11764705882353,64,0.0,189,True
938614,33,29,1,32,147.30434782608697,176.30434782608697,15.76923076923077,33,0.030303030303030304,62,True
938842,0,90,0,0,714.8333333333334,838.9166666666666,,0,,90,True
938896,1058,2272,5,1053,1068.927536231884,1468.876811594203,174.08510638297872,1058,0.004725897920604915,3330,False
939212,8,9,0,8,48.07142857142857,62.142857142857146,21.285714285714285,8,0.0,17,True
939218,11,359,0,11,450.82758620689657,597.1379310344828,9.666666666666666,11,0.0,370,True
939222,34,873,0,34,728.0,965.9382716049382,19.61904761904762,34,0.0,907,False
939224,32,1341,1,31,233.91549295774647,459.7042253521127,34.333333333333336,32,0.03125,1373,False
939236,0,5,0,0,527.3333333333334,549.0,,0,,5,True
939370,482,491,4,478,1837.263888888889,2090.527777777778,207.5681818181818,482,0.008298755186721992,973,True
939376,261,1075,1,260,1948.6344086021506,2210.043010752688,123.56666666666666,261,0.0038314176245210726,1336,False
939470,19,729,0,19,1148.1,1602.3666666666666,36.714285714285715,19,0.0,748,False
939474,187,561,0,187,1313.0967741935483,1505.516129032258,135.85,187,0.0,748,False
939476,40,716,1,39,1255.4285714285713,1690.2,53.0,40,0.025,756,False
939478,19,105,1,18,272.48837209302326,309.69767441860466,44.75,19,0.05263157894736842,124,True
939684,17,131,0,17,218.075,265.3,22.0,17,0.0,148,True
939698,2,1,0,2,18.0,31.333333333333332,13.0,2,0.0,3,True
939706,519,1023,4,515,980.0441176470588,1316.6029411764705,144.84848484848484,519,0.007707129094412331,1542,False
939708,10,36,1,9,304.1111111111111,381.22222222222223,17.714285714285715,10,0.1,46,True
939716,8,16,0,8,106.0,124.5,20.0,8,0.0,24,True
939718,0,10,0,0,3.75,16.5,,0,,10,True
939736,0,19,0,0,19.0,38.125,,0,,19,True
939738,0,634,0,0,495.6,617.8666666666667,,0,,634,False
939762,808,1878,0,808,784.9767441860465,1135.4031007751937,334.7560975609756,808,0.0,2686,False
939886,0,281,0,0,499.8222222222222,568.8222222222222,,0,,281,True
940430,64,27,1,63,301.44444444444446,315.8888888888889,2.44,64,0.015625,91,True
940432,139,166,0,139,741.6363636363636,816.0681818181819,60.470588235294116,139,0.0,305,True
940434,126,133,0,126,449.43548387096774,479.48387096774195,29.666666666666668,126,0.0,259,True
940436,30,6,0,30,300.2857142857143,327.5,36.111111111111114,30,0.0,36,True
940438,62,374,0,62,558.7777777777778,631.5277777777778,15.363636363636363,62,0.0,436,True
940440,46,14,0,46,291.5,320.5833333333333,32.4375,46,0.0,60,True
940442,196,297,3,193,564.6805555555555,625.3472222222222,4.962962962962963,196,0.015306122448979591,493,True
940456,26,32,0,26,50.72222222222222,62.02777777777778,14.266666666666667,26,0.0,58,True
940458,23,66,0,23,245.11627906976744,276.72093023255815,37.73684210526316,23,0.0,89,True
940460,0,82,0,0,605.7931034482758,634.0344827586207,,0,,82,True
940474,0,26,0,0,51.333333333333336,64.46666666666667,,0,,26,True
940486,0,23,0,0,159.0,199.5,,0,,23,True
940508,2,0,0,2,74.0,115.5,41.5,2,0.0,2,False
940512,1,0,0,1,1.0,20.0,19.0,1,0.0,1,False
940514,1,0,0,1,6.0,17.0,11.0,1,0.0,1,False
940568,3,7,0,3,86.16666666666667,95.66666666666667,9.0,3,0.0,10,True
940588,2127,67,30,2097,2837.8529411764707,2950.544117647059,127.23076923076923,2127,0.014104372355430184,2194,True
940596,1,406,0,1,849.5333333333333,1369.0,4.0,1,0.0,407,True
940610,1,1,0,1,55.5,74.0,4.0,1,0.0,2,True
940614,145,426,3,142,832.1428571428571,1117.357142857143,42.81818181818182,145,0.020689655172413793,571,True
940616,578,2393,6,572,1256.923076923077,1867.3974358974358,103.16129032258064,578,0.010380622837370242,2971,False
940622,677,718,16,661,1068.9661016949153,1374.406779661017,109.25,677,0.023633677991137372,1395,False
940624,572,1166,6,566,1223.2278481012659,1563.4683544303798,95.3529411764706,572,0.01048951048951049,1738,False
940630,1985,127,17,1968,3039.1639344262294,3203.8524590163934,165.9591836734694,1985,0.008564231738035265,2112,True
940634,432,1623,6,426,1548.4626865671642,2066.283582089552,111.53333333333333,432,0.013888888888888888,2055,False
940652,414,860,9,405,1103.6181818181817,1480.6363636363637,61.32142857142857,414,0.021739130434782608,1274,False
940658,862,1726,10,852,1554.2857142857142,1934.9166666666667,113.0,862,0.01160092807424594,2588,False
940772,2,0,0,2,306.0,315.0,9.0,2,0.0,2,False
940782,0,8,0,0,63.0,83.5,,0,,8,True
940788,0,11,0,0,44.42857142857143,71.57142857142857,,0,,11,True
940802,0,5,0,0,13.5,45.0,,0,,5,True
940814,0,2,0,0,4.5,24.0,,0,,2,True
940828,1,7,0,1,65.5,96.0,2.0,1,0.0,8,True
940842,0,2,0,0,37.0,75.5,,0,,2,True
940848,0,2,0,0,23.5,55.0,,0,,2,True
940952,141,110,0,141,45.46875,144.65625,139.53846153846155,141,0.0,251,True
940968,18,0,0,18,290.38461538461536,314.46153846153845,24.076923076923077,18,0.0,18,False
941192,0,1139,0,0,660.8269230769231,1040.673076923077,,0,,1139,False
941384,48,655,0,48,721.3488372093024,892.8488372093024,23.125,48,0.0,703,False
941390,1,369,0,1,843.5714285714286,1668.5714285714287,5.0,1,0.0,370,True
941628,1,147,0,1,980.9090909090909,1172.090909090909,19.0,1,0.0,148,True
941736,0,10,0,0,36.0,50.5,,0,,10,True
941740,0,8,0,0,64.5,75.5,,0,,8,True
941786,3,0,0,3,309.0,348.0,39.0,3,0.0,3,False
941810,0,4,0,0,40.0,58.333333333333336,,0,,4,True
941816,0,1,0,0,19.0,29.0,,0,,1,True
941826,0,1,0,0,0.0,2.0,,0,,1,True
941838,0,9,0,0,24.25,43.75,,0,,9,True
941842,0,3,0,0,34.333333333333336,46.0,,0,,3,True
941844,7,11,1,6,42.7,65.6,29.25,7,0.14285714285714285,18,True
942174,0,6,0,0,154.66666666666666,181.66666666666666,,0,,6,True
942214,2,0,0,2,38.0,48.5,10.5,2,0.0,2,False
943050,0,73,0,0,493.0,788.0,,0,,73,True
943066,89,171,0,89,424.91379310344826,485.8103448275862,73.8125,89,0.0,260,True
943818,1,22,0,1,293.8333333333333,352.3333333333333,5.0,1,0.0,23,True
944210,114,46,0,114,512.1470588235294,660.5294117647059,219.73684210526315,114,0.0,160,True
944216,235,133,24,211,432.7752808988764,550.1123595505618,160.92307692307693,235,0.10212765957446808,368,True
944218,245,164,15,230,533.3444444444444,656.2888888888889,187.41666666666666,245,0.061224489795918366,409,True
944220,265,221,18,247,486.08490566037733,614.2075471698113,187.41176470588235,265,0.06792452830188679,486,True
944222,185,344,17,168,539.3125,658.0625,139.26666666666668,185,0.0918918918918919,529,True
944226,180,109,30,150,391.27272727272725,498.0568181818182,153.58,180,0.16666666666666666,289,True
944228,29,5,0,29,346.61538461538464,459.53846153846155,141.3,29,0.0,34,True
944246,9,1,0,9,256.3333333333333,314.3333333333333,66.6,9,0.0,10,True
944310,3,0,0,3,126.0,133.5,7.5,3,0.0,3,False
944474,6,12,0,6,21.857142857142858,73.57142857142857,75.0,6,0.0,18,True
944476,189,16,0,189,437.6875,521.53125,97.84615384615384,189,0.0,205,True
944560,5,1,0,5,16.5,41.25,29.666666666666668,5,0.0,6,True
944564,2,0,0,2,20.0,34.0,14.0,2,0.0,2,False
944644,26,145,0,26,209.94,272.34,45.357142857142854,26,0.0,171,True
944646,219,333,1,218,537.5972222222222,637.5416666666666,85.625,219,0.0045662100456621,552,True
944648,5,41,0,5,106.28,131.48,66.0,5,0.0,46,True
944764,355,256,2,353,892.9333333333333,1054.8222222222223,117.76190476190476,355,0.005633802816901409,611,True
944766,152,140,1,151,627.1111111111111,775.925925925926,114.5,152,0.006578947368421052,292,True
944808,229,0,0,229,874.3,891.8,17.5,229,0.0,229,False
944908,2,0,0,2,1.5,15.0,13.5,2,0.0,2,False
945046,60,29,4,56,385.5,463.5,81.92307692307692,60,0.06666666666666667,89,True
945052,59,16,2,57,428.6842105263158,475.6842105263158,82.88888888888889,59,0.03389830508474576,75,True
945058,4,1,0,4,15.0,43.333333333333336,37.5,4,0.0,5,True
945074,0,3,0,0,0.0,26.0,,0,,3,True
945274,0,1,0,0,1.0,15.0,,0,,1,True
945278,0,4001,0,0,4915.818181818182,7881.409090909091,,0,,4001,False
945280,0,2399,0,0,4677.046511627907,5705.46511627907,,0,,2399,False
945282,0,2309,0,0,3505.285714285714,4282.535714285715,,0,,2309,False
945284,0,2071,0,0,2603.7073170731705,3520.0975609756097,,0,,2071,False
945286,0,6880,0,0,2365.2096774193546,4543.387096774193,,0,,6880,False
945288,0,2209,0,0,4940.388888888889,6072.888888888889,,0,,2209,False
945290,0,3373,0,0,925.515625,2227.859375,,0,,3373,False
945294,0,3368,0,0,6767.775,8385.025,,0,,3368,False
945296,0,2434,0,0,2392.605633802817,3029.6338028169016,,0,,2434,False
945298,0,1313,0,0,3200.4545454545455,3785.0454545454545,,0,,1313,False
945302,0,6138,0,0,4621.257142857143,6555.928571428572,,0,,6138,False
945304,0,2576,0,0,6198.6578947368425,7508.0,,0,,2576,False
945308,0,1584,0,0,4966.548387096775,5928.741935483871,,0,,1584,False
945310,0,3311,0,0,7174.955555555555,8780.266666666666,,0,,3311,False
945312,0,2146,0,0,4397.96,5259.14,,0,,2146,False
945314,0,1763,0,0,2008.1016949152543,2639.169491525424,,0,,1763,False
945316,0,2575,0,0,3406.2622950819673,4233.672131147541,,0,,2575,False
945318,0,1839,0,0,5243.53125,6299.46875,,0,,1839,False
945320,0,2177,0,0,5571.710526315789,6638.710526315789,,0,,2177,False
945322,0,4775,0,0,3718.746031746032,5332.0952380952385,,0,,4775,False
945324,0,2226,0,0,2444.1020408163267,3574.183673469388,,0,,2226,False
945710,1,0,0,1,50.0,67.0,17.0,1,0.0,1,False
945728,0,87,0,0,226.125,440.75,,0,,87,True
945894,0,1464,0,0,1007.0588235294117,2556.4117647058824,,0,,1464,False
945898,0,3,0,0,0.0,1.0,,0,,3,True
945900,0,4210,0,0,906.3720930232558,2736.8837209302324,,0,,4210,False
945902,0,2835,0,0,618.0263157894736,1869.3157894736842,,0,,2835,False
945904,0,3813,0,0,1308.4864864864865,3381.945945945946,,0,,3813,False
946020,1,0,0,1,5.0,8.0,3.0,1,0.0,1,False
946032,1,0,0,1,95.0,103.0,8.0,1,0.0,1,False
946072,1,1,0,1,87.5,91.0,6.0,1,0.0,2,True
946454,0,13,0,0,0.0,0.0,,0,,13,True
946468,1,0,0,1,18.0,43.0,25.0,1,0.0,1,False
946582,44,27,0,44,236.0,256.2608695652174,8.0,44,0.0,71,True
946916,32,0,0,32,105.9090909090909,147.9090909090909,42.0,32,0.0,32,False
946988,3,5,0,3,29.75,40.5,15.0,3,0.0,8,True
947304,35,645,3,32,778.171875,901.859375,11.555555555555555,35,0.08571428571428572,680,False
947306,1,0,0,1,21.0,31.0,10.0,1,0.0,1,False
947480,0,5,0,0,54.75,68.5,,0,,5,True
947590,0,166,0,0,154.425,208.625,,0,,166,True
947592,0,803,0,0,773.8333333333334,1165.9333333333334,,0,,803,False
947596,0,1,0,0,56.0,72.0,,0,,1,True
947598,0,412,0,0,221.85,394.375,,0,,412,True
947600,0,303,0,0,153.4848484848485,311.54545454545456,,0,,303,True
947604,1,912,0,1,813.304347826087,1197.0,14.0,1,0.0,913,False
947610,2,19,0,2,191.0,207.92857142857142,9.5,2,0.0,21,True
947612,1,107,0,1,249.75675675675674,290.81081081081084,18.0,1,0.0,108,True
947614,0,995,0,0,348.275,676.85,,0,,995,False
947616,0,1967,0,0,712.6521739130435,1423.1304347826087,,0,,1967,False
947618,0,1076,0,0,733.7297297297297,1221.2702702702702,,0,,1076,False
947620,0,1158,0,0,411.25531914893617,832.1489361702128,,0,,1158,False
947636,0,102,0,0,315.1,503.8,,0,,102,True
947638,2,1165,0,2,416.6046511627907,825.8372093023256,27.0,2,0.0,1167,False
947640,0,418,0,0,379.3703703703704,625.0,,0,,418,True
947642,1,901,0,1,241.35714285714286,655.1904761904761,14.0,1,0.0,902,False
947644,0,446,0,0,367.46666666666664,529.7555555555556,,0,,446,True
947646,0,1893,0,0,970.1428571428571,2126.8285714285716,,0,,1893,False
947648,0,2813,0,0,1314.1951219512196,2557.0731707317073,,0,,2813,False
947650,0,1603,0,0,1212.7333333333333,1904.0666666666666,,0,,1603,False
947652,0,515,0,0,371.28125,728.03125,,0,,515,True
947654,0,2257,0,0,1340.6,2626.775,,0,,2257,False
947658,0,2668,0,0,836.3877551020408,1832.591836734694,,0,,2668,False
947816,11,29,0,11,97.5,135.75,36.666666666666664,11,0.0,40,True
947818,12,33,0,12,105.64285714285714,143.35714285714286,34.25,12,0.0,45,True
947820,0,9,0,0,163.5,202.5,,0,,9,True
948150,24,9,0,24,125.875,171.125,84.66666666666667,24,0.0,33,True
948170,2,3,0,2,97.33333333333333,123.0,15.0,2,0.0,5,True
948182,111,452,0,111,391.29333333333335,529.3466666666667,56.52,111,0.0,563,True
948282,1,0,0,1,60.0,61.0,1.0,1,0.0,1,False
948284,4,0,0,4,18.0,44.75,26.75,4,0.0,4,False
948286,319,0,15,304,475.64864864864865,610.8918918918919,135.24324324324326,319,0.047021943573667714,319,False
948288,22,0,1,21,143.6,173.2,29.6,22,0.045454545454545456,22,False
948524,4,0,0,4,41.25,46.75,5.5,4,0.0,4,False
948756,1,170,1,0,488.0833333333333,551.4583333333334,8.0,1,1.0,171,True
948758,18,518,1,17,895.1489361702128,1036.6808510638298,57.375,18,0.05555555555555555,536,True
949252,3,0,0,3,150.0,170.0,20.0,3,0.0,3,False
949420,5,1,0,5,191.4,193.8,1.0,5,0.0,6,True
950444,0,86,0,0,897.3571428571429,947.4285714285714,,0,,86,True
950632,1,0,0,1,25.0,38.0,13.0,1,0.0,1,False
950634,9,0,0,9,14.75,28.5,13.75,9,0.0,9,False
950640,1,0,0,1,184.0,193.0,9.0,1,0.0,1,False
950672,1,53,0,1,207.54166666666666,248.20833333333334,13.0,1,0.0,54,True
950806,6,3,0,6,44.0,63.666666666666664,16.75,6,0.0,9,True
950972,4,816,0,4,1726.7272727272727,2553.3636363636365,29.25,4,0.0,820,False
951046,3,34,0,3,93.45454545454545,137.63636363636363,14.0,3,0.0,37,True
951118,4,0,0,4,64.5,97.0,32.5,4,0.0,4,False
951186,92,8,0,92,477.7647058823529,525.8823529411765,66.0,92,0.0,100,True
951290,1,20,0,1,144.36363636363637,201.27272727272728,17.0,1,0.0,21,True
951332,8,5,0,8,106.375,141.875,64.0,8,0.0,13,True
951408,0,30,0,0,130.3846153846154,142.0,,0,,30,True
951490,27,0,1,26,227.4375,252.4375,25.0,27,0.037037037037037035,27,False
951492,28,157,0,28,336.1186440677966,373.7118644067797,46.142857142857146,28,0.0,185,True
951506,40,197,0,40,315.07272727272726,379.09090909090907,94.82352941176471,40,0.0,237,True
951508,336,146,21,315,505.73333333333335,612.2,192.9090909090909,336,0.0625,482,True
951526,15,0,0,15,94.0909090909091,114.0,19.90909090909091,15,0.0,15,False
951614,5,0,0,5,89.0,112.33333333333333,23.333333333333332,5,0.0,5,False
951648,0,161,0,0,1181.5,1910.25,,0,,161,True
951650,1,10,0,1,42.5,94.25,45.0,1,0.0,11,True
952114,1,612,0,1,1327.2941176470588,1881.8235294117646,3.0,1,0.0,613,False
952116,0,354,0,0,1366.888888888889,2002.2222222222222,,0,,354,True
952126,7,0,0,7,63.4,83.6,20.2,7,0.0,7,False
952196,2,2,0,2,22.5,37.5,12.0,2,0.0,4,True
952292,2,0,0,2,451.0,532.0,81.0,2,0.0,2,False
952392,0,1496,0,0,957.9090909090909,1636.25,,0,,1496,False
952458,0,1556,0,0,1191.4594594594594,2035.4594594594594,,0,,1556,False
952460,0,177,0,0,370.6521739130435,515.695652173913,,0,,177,True
952462,8,1,0,8,75.0,100.85714285714286,28.166666666666668,8,0.0,9,True
952466,0,88,0,0,366.0,838.0,,0,,88,True
952468,0,1127,0,0,872.2432432432432,1419.3243243243244,,0,,1127,False
952656,4,38,0,4,120.84,139.2,7.5,4,0.0,42,True
952666,1,0,0,1,56.0,71.0,15.0,1,0.0,1,False
952678,1,0,0,1,91.0,121.0,30.0,1,0.0,1,False
952734,409,0,0,409,5908.526315789473,5932.315789473684,23.789473684210527,409,0.0,409,False
952914,78,580,0,78,656.5102040816327,847.0408163265306,38.86666666666667,78,0.0,658,False
952916,1,7,0,1,101.4,141.4,25.0,1,0.0,8,True
952948,3542,1178,8,3534,4910.729166666667,5135.416666666667,170.84848484848484,3542,0.002258610954263128,4720,False
952954,2,0,0,2,7.5,8.5,1.0,2,0.0,2,False
952968,2,1,0,2,10.0,14.333333333333334,5.0,2,0.0,3,True
952982,8,0,0,8,65.16666666666667,66.33333333333333,1.1666666666666667,8,0.0,8,False
953362,0,10,0,0,97.5,108.75,,0,,10,True
953458,0,59,0,0,749.8333333333334,943.5,,0,,59,True
953460,0,7,0,0,2.1666666666666665,2.8333333333333335,,0,,7,True
953462,0,684,0,0,2250.233333333333,2656.6,,0,,684,False
953464,52,317,1,51,436.47727272727275,554.7954545454545,28.58823529411765,52,0.019230769230769232,369,True
953940,1,0,0,1,17.0,26.0,9.0,1,0.0,1,False
953952,7,0,0,7,190.66666666666666,221.0,30.333333333333332,7,0.0,7,False
954086,31,1,0,31,158.5,194.5,64.0,31,0.0,32,True
954284,0,1,0,0,0.0,3.0,,0,,1,True
954290,10,0,0,10,153.0,181.14285714285714,28.142857142857142,10,0.0,10,False
954318,1,1,0,1,6.0,11.0,4.0,1,0.0,2,True
954376,0,4,0,0,8.0,28.25,,0,,4,True
954378,0,8,0,0,33.6,60.0,,0,,8,True
954380,0,4,0,0,24.333333333333332,44.666666666666664,,0,,4,True
954616,7,0,0,7,67.33333333333333,75.0,7.666666666666667,7,0.0,7,False
954642,0,385,0,0,1083.8125,1583.0625,,0,,385,True
954650,462,837,3,459,1060.8412698412699,1392.3492063492063,229.0,462,0.006493506493506494,1299,False
954750,223,69,1,222,554.25,699.725,271.0,223,0.004484304932735426,292,True
954810,37,0,0,37,248.8181818181818,279.3636363636364,30.545454545454547,37,0.0,37,False
955032,38,34,1,37,143.11111111111111,178.88888888888889,27.333333333333332,38,0.02631578947368421,72,True
955068,0,2,0,0,0.0,0.0,,0,,2,True
955082,0,14,0,0,16.444444444444443,24.11111111111111,,0,,14,True
955086,0,1,0,0,8.0,14.0,,0,,1,True
955090,0,26,0,0,77.83333333333333,89.83333333333333,,0,,26,True
955094,0,2,0,0,6.0,14.0,,0,,2,True
955164,2,3,0,2,27.0,46.6,26.0,2,0.0,5,True
955436,1,0,0,1,120.0,143.0,23.0,1,0.0,1,False
955820,0,9,0,0,25.666666666666668,49.666666666666664,,0,,9,True
956080,5,0,0,5,395.6666666666667,479.6666666666667,84.0,5,0.0,5,False
956268,6,22,0,6,44.77777777777778,82.88888888888889,31.333333333333332,6,0.0,28,True
956276,8,9,0,8,50.42857142857143,67.71428571428571,17.666666666666668,8,0.0,17,True
956292,3,2,0,3,19.0,32.25,11.666666666666666,3,0.0,5,True
956298,0,14,0,0,183.3,198.0,,0,,14,True
956480,86,0,0,86,597.1176470588235,669.8235294117648,72.70588235294117,86,0.0,86,False
956484,13,0,0,13,185.0,215.33333333333334,30.333333333333332,13,0.0,13,False
956664,1,0,0,1,99.0,108.0,9.0,1,0.0,1,False
957022,0,18,0,0,70.0,97.75,,0,,18,True
957922,3,16,1,2,566.7777777777778,603.0,13.0,3,0.3333333333333333,19,True
958394,22,0,0,22,419.7,435.4,15.7,22,0.0,22,False
958416,13,295,1,12,665.5135135135135,761.1621621621622,26.444444444444443,13,0.07692307692307693,308,True
958418,9,457,0,9,897.4285714285714,997.5714285714286,21.25,9,0.0,466,True
958430,22,284,0,22,622.5555555555555,697.1851851851852,45.44444444444444,22,0.0,306,True
958432,15,147,0,15,254.86,295.72,37.7,15,0.0,162,True
958434,23,138,1,22,328.59090909090907,375.72727272727275,81.0909090909091,23,0.043478260869565216,161,True
958440,0,81,0,0,548.75,569.55,,0,,81,True
958444,0,64,0,0,118.05,136.45,,0,,64,True
958452,27,423,1,26,778.8235294117648,917.7647058823529,28.916666666666668,27,0.037037037037037035,450,True
958454,2,24,0,2,61.92857142857143,76.07142857142857,30.0,2,0.0,26,True
958456,10,842,0,10,1071.942857142857,1546.4285714285713,44.0,10,0.0,852,False
958458,0,1,0,0,0.0,0.0,,0,,1,True
958460,103,112,3,100,328.0566037735849,445.1698113207547,319.625,103,0.02912621359223301,215,True
958468,7,516,0,7,1151.3170731707316,1346.9268292682927,61.0,7,0.0,523,True
958470,3,13,0,3,181.58333333333334,205.33333333333334,50.666666666666664,3,0.0,16,True
958472,0,28,0,0,111.6923076923077,130.23076923076923,,0,,28,True
958478,7,302,0,7,1355.344827586207,1546.6206896551723,47.4,7,0.0,309,True
958480,0,138,0,0,236.85714285714286,523.1428571428571,,0,,138,True
958640,10,11,1,9,153.84615384615384,168.69230769230768,10.5,10,0.1,21,True
958672,0,49,0,0,98.31818181818181,109.9090909090909,,0,,49,True
959118,0,14,0,0,150.83333333333334,197.83333333333334,,0,,14,True
959312,56,145,7,49,397.7,455.93333333333334,32.15384615384615,56,0.125,201,True
959596,0,9,0,0,99.5,129.0,,0,,9,True
960294,1,296,0,1,702.9333333333333,974.4,36.0,1,0.0,297,True
960296,2,170,0,2,488.09090909090907,675.4545454545455,63.0,2,0.0,172,True
960620,50,58,1,49,260.39285714285717,324.67857142857144,74.8,50,0.02,108,True
960648,33,79,0,33,510.44,595.08,72.375,33,0.0,112,True
960666,0,1,0,0,125.0,128.0,,0,,1,True
960670,0,3,0,0,50.0,74.5,,0,,3,True
960672,0,219,0,0,823.7,982.95,,0,,219,True
960674,0,2,0,0,0.0,0.0,,0,,2,True
960698,6,0,0,6,492.0,525.6666666666666,33.666666666666664,6,0.0,6,False
960950,0,14,0,0,135.75,160.0,,0,,14,True
961064,23,904,0,23,1685.8636363636363,2537.318181818182,28.833333333333332,23,0.0,927,False
961552,3,11,0,3,114.4,145.8,104.0,3,0.0,14,True
961770,79,0,0,79,184.0,238.125,54.125,79,0.0,79,False
962062,15,0,0,15,75.25,100.75,25.5,15,0.0,15,False
962168,4,0,0,4,70.75,88.0,17.25,4,0.0,4,False
962268,38,94,0,38,238.57142857142858,324.4642857142857,58.36363636363637,38,0.0,132,True
962658,331,320,0,331,724.6111111111111,864.3333333333334,194.35714285714286,331,0.0,651,True
962902,223,399,0,223,740.195652173913,932.1304347826087,134.16666666666666,223,0.0,622,True
962904,0,2,0,0,0.0,43.0,,0,,2,True
963716,0,1,0,0,25.0,39.0,,0,,1,True
964510,15,131,2,13,364.28,429.52,25.0,15,0.13333333333333333,146,True
964518,2,0,0,2,13.0,55.0,42.0,2,0.0,2,False
964666,43,814,3,40,2485.2272727272725,3367.0454545454545,64.22222222222223,43,0.06976744186046512,857,False
964712,6,9,0,6,28.333333333333332,72.66666666666667,40.666666666666664,6,0.0,15,True
964716,0,296,0,0,1481.1764705882354,1603.764705882353,,0,,296,True
965232,0,37,0,0,229.375,280.25,,0,,37,True
965328,0,28,0,0,141.625,206.0,,0,,28,True
965538,0,475,0,0,2806.1428571428573,3465.8571428571427,,0,,475,True
965540,0,807,0,0,3841.222222222222,4938.722222222223,,0,,807,False
965542,0,681,0,0,4020.0,5244.7692307692305,,0,,681,False
965544,0,1277,0,0,6053.923076923077,7982.307692307692,,0,,1277,False
965942,4,0,0,4,107.5,133.0,25.5,4,0.0,4,False
966158,3,34,0,3,373.0,403.11764705882354,15.0,3,0.0,37,True
966686,2,1,0,2,177.0,198.5,33.0,2,0.0,3,True
967204,0,3,0,0,5.0,9.0,,0,,3,True
967310,1,52,0,1,96.14285714285714,169.21428571428572,8.0,1,0.0,53,True
968150,4,91,0,4,925.1428571428571,1029.0,2.0,4,0.0,95,True
968232,1,0,0,1,114.0,127.0,13.0,1,0.0,1,False
968338,13,213,0,13,638.6315789473684,858.421052631579,19.166666666666668,13,0.0,226,True
968368,2,0,0,2,27.0,46.0,19.0,2,0.0,2,False
968520,5,0,0,5,33.0,38.0,5.0,5,0.0,5,False
969262,0,1,0,0,0.0,17.0,,0,,1,True
969268,0,5,0,0,70.5,94.5,,0,,5,True
969272,154,228,1,153,453.8666666666667,640.1666666666666,233.375,154,0.006493506493506494,382,True
969284,0,1,0,0,0.0,4.0,,0,,1,True
969286,0,8,0,0,246.6,269.2,,0,,8,True
969288,3,2,0,3,146.33333333333334,182.66666666666666,44.0,3,0.0,5,True
969294,84,12,0,84,758.8,845.2,177.5,84,0.0,96,True
969380,1,7,0,1,50.0,83.5,21.0,1,0.0,8,True
969386,0,54,0,0,208.25,293.875,,0,,54,True
969600,0,19,0,0,3911.5,4041.5,,0,,19,True
970240,1,1,0,1,10.0,36.5,44.0,1,0.0,2,True
970242,0,10,0,0,368.6666666666667,405.3333333333333,,0,,10,True
970244,2,2,0,2,49.333333333333336,81.66666666666667,81.0,2,0.0,4,True
970250,0,1,0,0,0.0,8.0,,0,,1,True
970252,1,5,0,1,48.333333333333336,82.0,25.0,1,0.0,6,True
970254,3,9,0,3,45.8,108.8,121.0,3,0.0,12,True
970258,0,1,0,0,0.0,11.0,,0,,1,True
970484,0,7,0,0,25.0,39.0,,0,,7,True
970486,0,6,0,0,75.0,89.0,,0,,6,True
971100,3,0,0,3,73.0,86.0,13.0,3,0.0,3,False
971102,76,0,0,76,2653.0,2991.0,338.0,76,0.0,76,False
971354,6,0,0,6,371.5,413.5,42.0,6,0.0,6,False
972408,0,6,0,0,100.0,122.5,,0,,6,True
972410,0,77,0,0,944.25,1318.75,,0,,77,True
972412,1,60,0,1,699.6,909.6,25.0,1,0.0,61,True
972460,1,50,0,1,174.0,262.57142857142856,4.0,1,0.0,51,True
973120,0,3,0,0,2.5,12.5,,0,,3,True
973286,2,0,0,2,17.0,105.0,88.0,2,0.0,2,False
