operator_id,inbound_attempts,inbound_records,total_inbound_wait_seconds,active_inbound_days,missed_inbound_calls,missed_inbound_rate,avg_inbound_wait_per_call_seconds,share_total_missed_calls,active_inbound_weeks,above_10pct_project_reference,exploratory_30plus_calls_view,operator_rank_by_missed_calls,cumulative_missed_calls,cumulative_missed_share
913942,2467,85,29573,57,52,0.02107823267126064,11.987434130522903,0.056155507559395246,11,False,True,1,52,0.056155507559395246
940588,2127,52,6616,29,30,0.014104372355430184,3.1104842501175365,0.032397408207343416,6,False,True,2,82,0.08855291576673865
944226,180,50,7679,36,30,0.16666666666666666,42.66111111111111,0.032397408207343416,6,True,True,3,112,0.12095032397408208
885890,1244,94,11306,73,26,0.02090032154340836,9.088424437299036,0.028077753779697623,12,False,True,4,138,0.1490280777537797
937956,773,59,1029,44,24,0.031047865459249677,1.3311772315653299,0.02591792656587473,7,False,True,5,162,0.17494600431965443
944216,235,52,8368,36,24,0.10212765957446808,35.60851063829787,0.02591792656587473,6,True,True,6,186,0.20086393088552915
951508,336,33,6366,19,21,0.0625,18.946428571428573,0.02267818574514039,5,False,True,7,207,0.22354211663066956
885876,992,90,9017,73,20,0.020161290322580645,9.089717741935484,0.02159827213822894,16,False,True,8,227,0.2451403887688985
944220,265,51,9558,37,18,0.06792452830188679,36.06792452830189,0.019438444924406047,6,False,True,9,245,0.26457883369330454
940630,1985,49,8132,29,17,0.008564231738035265,4.096725440806045,0.0183585313174946,6,False,True,10,262,0.28293736501079914
944222,185,45,6267,33,17,0.0918918918918919,33.87567567567567,0.0183585313174946,6,False,True,11,279,0.30129589632829373
940622,677,28,3059,15,16,0.023633677991137372,4.518463810930576,0.017278617710583154,4,False,True,12,295,0.3185745140388769
948286,319,37,5004,29,15,0.047021943573667714,15.68652037617555,0.016198704103671708,5,False,True,13,310,0.3347732181425486
944218,245,48,8996,37,15,0.061224489795918366,36.71836734693878,0.016198704103671708,6,False,True,14,325,0.3509719222462203
905862,102,37,1165,34,15,0.14705882352941177,11.42156862745098,0.016198704103671708,11,True,True,15,340,0.367170626349892
913938,4766,77,40577,64,14,0.0029374737725556023,8.513848090642048,0.01511879049676026,11,False,True,16,354,0.38228941684665224
908960,695,108,16264,77,14,0.02014388489208633,23.401438848920865,0.01511879049676026,12,False,True,17,368,0.39740820734341253
931458,2078,52,35462,39,12,0.005774783445620789,17.065447545717035,0.012958963282937365,8,False,True,18,380,0.4103671706263499
901880,1825,108,9568,87,11,0.006027397260273973,5.242739726027398,0.011879049676025918,13,False,True,19,391,0.4222462203023758
919554,1182,76,38240,64,11,0.009306260575296108,32.35194585448392,0.011879049676025918,10,False,True,20,402,0.43412526997840173
893804,2433,107,12458,93,10,0.004110152075626798,5.120427455815865,0.01079913606911447,14,False,True,21,412,0.4449244060475162
921818,1808,70,19001,60,10,0.0055309734513274336,10.509402654867257,0.01079913606911447,9,False,True,22,422,0.4557235421166307
940658,862,37,4181,25,10,0.01160092807424594,4.8503480278422275,0.01079913606911447,6,False,True,23,432,0.46652267818574517
925922,418,27,2812,19,10,0.023923444976076555,6.7272727272727275,0.01079913606911447,4,False,True,24,442,0.4773218142548596
919204,1167,17,9366,10,9,0.007712082262210797,8.025706940874036,0.009719222462203024,4,False,True,25,451,0.4870410367170626
919206,926,19,7373,11,9,0.009719222462203024,7.962203023758099,0.009719222462203024,4,False,True,26,460,0.49676025917926564
940652,414,28,1717,20,9,0.021739130434782608,4.147342995169082,0.009719222462203024,4,False,True,27,469,0.5064794816414687
952948,3542,33,5638,25,8,0.002258610954263128,1.5917560700169395,0.008639308855291577,5,False,True,28,477,0.5151187904967602
905104,296,63,5111,57,8,0.02702702702702703,17.26689189189189,0.008639308855291577,13,False,True,29,485,0.5237580993520519
937958,292,53,2058,43,8,0.0273972602739726,7.0479452054794525,0.008639308855291577,7,False,True,30,493,0.5323974082073434
906410,232,34,6035,29,7,0.03017241379310345,26.012931034482758,0.00755939524838013,7,False,True,31,500,0.5399568034557235
959312,56,13,418,12,7,0.125,7.464285714285714,0.00755939524838013,3,True,True,32,507,0.5475161987041036
906412,26,15,400,13,7,0.2692307692307692,15.384615384615385,0.00755939524838013,6,True,False,33,514,0.5550755939524838
906392,18,7,249,5,7,0.3888888888888889,13.833333333333334,0.00755939524838013,2,True,False,34,521,0.562634989200864
921318,2323,55,33848,44,6,0.002582866982350409,14.57081360309944,0.0064794816414686825,9,False,True,35,527,0.5691144708423326
919166,993,14,5624,10,6,0.006042296072507553,5.663645518630413,0.0064794816414686825,4,False,True,36,533,0.5755939524838013
882686,766,68,11271,63,6,0.007832898172323759,14.714099216710183,0.0064794816414686825,14,False,True,37,539,0.58207343412527
940616,578,31,3198,25,6,0.010380622837370242,5.532871972318339,0.0064794816414686825,7,False,True,38,545,0.5885529157667386
940624,572,34,3242,26,6,0.01048951048951049,5.6678321678321675,0.0064794816414686825,6,False,True,39,551,0.5950323974082073
906404,501,43,13559,37,6,0.011976047904191617,27.063872255489024,0.0064794816414686825,9,False,True,40,557,0.6015118790496761
940634,432,30,3346,22,6,0.013888888888888888,7.74537037037037,0.0064794816414686825,6,False,True,41,563,0.6079913606911447
920706,68,27,1626,25,6,0.08823529411764706,23.91176470588235,0.0064794816414686825,9,False,True,42,569,0.6144708423326134
905300,25,16,552,15,6,0.24,22.08,0.0064794816414686825,8,True,False,43,575,0.6209503239740821
929424,1266,49,1660,45,5,0.0039494470774091624,1.311216429699842,0.005399568034557235,8,False,True,44,580,0.6263498920086393
938896,1058,47,8182,42,5,0.004725897920604915,7.733459357277883,0.005399568034557235,7,False,True,45,585,0.6317494600431965
899250,286,84,4577,79,5,0.017482517482517484,16.003496503496503,0.005399568034557235,14,False,True,46,590,0.6371490280777538
937860,224,36,1944,30,5,0.022321428571428572,8.678571428571429,0.005399568034557235,7,False,True,47,595,0.642548596112311
930020,85,29,703,24,5,0.058823529411764705,8.270588235294118,0.005399568034557235,8,False,True,48,600,0.6479481641468683
918978,744,44,7345,41,4,0.005376344086021506,9.87231182795699,0.004319654427645789,10,False,True,49,604,0.652267818574514
882684,613,50,9526,46,4,0.0065252854812398045,15.539967373572594,0.004319654427645789,11,False,True,50,608,0.6565874730021598
939706,519,33,4780,29,4,0.007707129094412331,9.210019267822736,0.004319654427645789,7,False,True,51,612,0.6609071274298056
939370,482,44,9133,40,4,0.008298755186721992,18.948132780082986,0.004319654427645789,7,False,True,52,616,0.6652267818574514
890406,425,74,4021,70,4,0.009411764705882352,9.461176470588235,0.004319654427645789,15,False,True,53,620,0.6695464362850972
921306,398,47,8417,43,4,0.010050251256281407,21.14824120603015,0.004319654427645789,10,False,True,54,624,0.673866090712743
906408,241,28,6912,24,4,0.016597510373443983,28.680497925311204,0.004319654427645789,6,False,True,55,628,0.6781857451403888
920728,201,37,3255,34,4,0.01990049751243781,16.19402985074627,0.004319654427645789,9,False,True,56,632,0.6825053995680346
900354,142,47,2420,44,4,0.028169014084507043,17.04225352112676,0.004319654427645789,12,False,True,57,636,0.6868250539956804
945046,60,13,1065,9,4,0.06666666666666667,17.75,0.004319654427645789,2,False,True,58,640,0.6911447084233261
921814,42,5,283,4,4,0.09523809523809523,6.738095238095238,0.004319654427645789,2,False,True,59,644,0.6954643628509719
884408,35,14,924,10,4,0.11428571428571428,26.4,0.004319654427645789,5,True,True,60,648,0.6997840172786177
937368,22,13,531,11,4,0.18181818181818182,24.136363636363637,0.004319654427645789,4,True,False,61,652,0.7041036717062635
908958,952,94,26062,78,3,0.0031512605042016808,27.376050420168067,0.0032397408207343412,12,False,True,62,655,0.7073434125269978
906406,715,46,19143,42,3,0.004195804195804196,26.773426573426573,0.0032397408207343412,9,False,True,63,658,0.7105831533477321
919164,648,14,4023,9,3,0.004629629629629629,6.208333333333333,0.0032397408207343412,3,False,True,64,661,0.7138228941684666
954650,462,21,4809,19,3,0.006493506493506494,10.409090909090908,0.0032397408207343412,4,False,True,65,664,0.7170626349892009
887276,431,69,12159,66,3,0.0069605568445475635,28.211136890951277,0.0032397408207343412,14,False,True,66,667,0.7203023758099352
916424,404,35,4160,32,3,0.007425742574257425,10.297029702970297,0.0032397408207343412,6,False,True,67,670,0.7235421166306696
911310,401,55,5504,53,3,0.007481296758104738,13.72568578553616,0.0032397408207343412,10,False,True,68,673,0.7267818574514039
893402,338,82,5555,73,3,0.008875739644970414,16.43491124260355,0.0032397408207343412,14,False,True,69,676,0.7300215982721382
900892,329,87,2233,74,3,0.00911854103343465,6.787234042553192,0.0032397408207343412,14,False,True,70,679,0.7332613390928726
911138,289,56,5690,54,3,0.010380622837370242,19.688581314878892,0.0032397408207343412,12,False,True,71,682,0.7365010799136069
903318,281,57,2573,54,3,0.010676156583629894,9.15658362989324,0.0032397408207343412,11,False,True,72,685,0.7397408207343412
940442,196,27,134,25,3,0.015306122448979591,0.6836734693877551,0.0032397408207343412,6,False,True,73,688,0.7429805615550756
915556,185,61,1218,58,3,0.016216216216216217,6.583783783783784,0.0032397408207343412,11,False,True,74,691,0.7462203023758099
900352,183,57,3147,56,3,0.01639344262295082,17.19672131147541,0.0032397408207343412,14,False,True,75,694,0.7494600431965442
912296,173,47,2001,44,3,0.017341040462427744,11.566473988439306,0.0032397408207343412,10,False,True,76,697,0.7526997840172787
940614,145,11,471,7,3,0.020689655172413793,3.2482758620689656,0.0032397408207343412,4,False,True,77,700,0.755939524838013
906400,130,40,3752,36,3,0.023076923076923078,28.861538461538462,0.0032397408207343412,8,False,True,78,703,0.7591792656587473
906396,124,34,3777,30,3,0.024193548387096774,30.45967741935484,0.0032397408207343412,9,False,True,79,706,0.7624190064794817
905542,117,50,2155,47,3,0.02564102564102564,18.418803418803417,0.0032397408207343412,12,False,True,80,709,0.765658747300216
937962,106,37,1832,30,3,0.02830188679245283,17.28301886792453,0.0032397408207343412,7,False,True,81,712,0.7688984881209503
958460,103,16,5114,13,3,0.02912621359223301,49.650485436893206,0.0032397408207343412,3,False,True,82,715,0.7721382289416847
882680,99,43,1591,40,3,0.030303030303030304,16.07070707070707,0.0032397408207343412,16,False,True,83,718,0.775377969762419
895574,96,47,1456,46,3,0.03125,15.166666666666666,0.0032397408207343412,14,False,True,84,721,0.7786177105831533
964666,43,9,578,6,3,0.06976744186046512,13.44186046511628,0.0032397408207343412,2,False,True,85,724,0.7818574514038877
947304,35,18,208,15,3,0.08571428571428572,5.942857142857143,0.0032397408207343412,5,False,True,86,727,0.785097192224622
911102,27,20,822,18,3,0.1111111111111111,30.444444444444443,0.0032397408207343412,10,True,False,87,730,0.7883369330453563
926872,24,13,19,12,3,0.125,0.7916666666666666,0.0032397408207343412,6,True,False,88,733,0.7915766738660908
904344,4,2,55,1,3,0.75,13.75,0.0032397408207343412,1,True,False,89,736,0.7948164146868251
923526,901,63,7000,60,2,0.0022197558268590455,7.769145394006659,0.0021598272138228943,9,False,True,90,738,0.796976241900648
913788,793,66,12673,64,2,0.0025220680958385876,15.98108448928121,0.0021598272138228943,10,False,True,91,740,0.7991360691144709
891410,660,70,8713,68,2,0.0030303030303030303,13.201515151515151,0.0021598272138228943,15,False,True,92,742,0.8012958963282938
890404,516,77,5561,73,2,0.003875968992248062,10.777131782945736,0.0021598272138228943,15,False,True,93,744,0.8034557235421166
889754,480,72,3807,70,2,0.004166666666666667,7.93125,0.0021598272138228943,16,False,True,94,746,0.8056155507559395
904038,462,78,4107,76,2,0.004329004329004329,8.88961038961039,0.0021598272138228943,12,False,True,95,748,0.8077753779697624
944764,355,21,2473,19,2,0.005633802816901409,6.966197183098592,0.0021598272138228943,6,False,True,96,750,0.8099352051835853
906070,324,15,13347,13,2,0.006172839506172839,41.19444444444444,0.0021598272138228943,5,False,True,97,752,0.8120950323974082
937736,284,34,3724,29,2,0.007042253521126761,13.112676056338028,0.0021598272138228943,7,False,True,98,754,0.8142548596112311
905538,244,54,4294,52,2,0.00819672131147541,17.598360655737704,0.0021598272138228943,13,False,True,99,756,0.816414686825054
937966,243,32,2046,28,2,0.00823045267489712,8.419753086419753,0.0021598272138228943,7,False,True,100,758,0.8185745140388769
907502,242,60,4855,58,2,0.008264462809917356,20.06198347107438,0.0021598272138228943,9,False,True,101,760,0.8207343412526998
937960,204,47,2254,41,2,0.00980392156862745,11.049019607843137,0.0021598272138228943,7,False,True,102,762,0.8228941684665226
906680,195,57,7227,52,2,0.010256410256410256,37.06153846153846,0.0021598272138228943,10,False,True,103,764,0.8250539956803455
920852,192,40,2083,38,2,0.010416666666666666,10.848958333333334,0.0021598272138228943,7,False,True,104,766,0.8272138228941684
896536,182,67,3783,62,2,0.01098901098901099,20.785714285714285,0.0021598272138228943,14,False,True,105,768,0.8293736501079914
882690,171,22,7102,20,2,0.011695906432748537,41.53216374269006,0.0021598272138228943,6,False,True,106,770,0.8315334773218143
937780,160,36,1767,29,2,0.0125,11.04375,0.0021598272138228943,7,False,True,107,772,0.8336933045356372
912010,144,52,2597,49,2,0.013888888888888888,18.03472222222222,0.0021598272138228943,11,False,True,108,774,0.8358531317494601
903312,127,52,2229,49,2,0.015748031496062992,17.551181102362204,0.0021598272138228943,12,False,True,109,776,0.838012958963283
934534,127,38,2350,36,2,0.015748031496062992,18.503937007874015,0.0021598272138228943,7,False,True,110,778,0.8401727861771058
902510,122,26,4107,24,2,0.01639344262295082,33.66393442622951,0.0021598272138228943,10,False,True,111,780,0.8423326133909287
923528,119,48,2877,46,2,0.01680672268907563,24.176470588235293,0.0021598272138228943,9,False,True,112,782,0.8444924406047516
937732,116,34,2046,30,2,0.017241379310344827,17.637931034482758,0.0021598272138228943,7,False,True,113,784,0.8466522678185745
938414,93,9,2147,7,2,0.021505376344086023,23.086021505376344,0.0021598272138228943,2,False,True,114,786,0.8488120950323974
911140,70,33,1840,32,2,0.02857142857142857,26.285714285714285,0.0021598272138228943,10,False,True,115,788,0.8509719222462203
888534,61,36,1756,32,2,0.03278688524590164,28.78688524590164,0.0021598272138228943,11,False,True,116,790,0.8531317494600432
945052,59,9,746,8,2,0.03389830508474576,12.64406779661017,0.0021598272138228943,2,False,True,117,792,0.8552915766738661
900194,55,36,1179,36,2,0.03636363636363636,21.436363636363637,0.0021598272138228943,14,False,True,118,794,0.857451403887689
907952,51,36,1047,34,2,0.0392156862745098,20.529411764705884,0.0021598272138228943,11,False,True,119,796,0.8596112311015118
904016,50,26,926,24,2,0.04,18.52,0.0021598272138228943,10,False,True,120,798,0.8617710583153347
899268,31,24,644,24,2,0.06451612903225806,20.774193548387096,0.0021598272138228943,13,False,True,121,800,0.8639308855291576
900746,26,11,611,10,2,0.07692307692307693,23.5,0.0021598272138228943,5,False,False,122,802,0.8660907127429806
911142,20,14,923,13,2,0.1,46.15,0.0021598272138228943,8,False,False,123,804,0.8682505399568035
964510,15,6,150,5,2,0.13333333333333333,10.0,0.0021598272138228943,2,True,False,124,806,0.8704103671706264
888532,12,9,289,9,2,0.16666666666666666,24.083333333333332,0.0021598272138228943,5,True,False,125,808,0.8725701943844493
937898,9,2,68,1,2,0.2222222222222222,7.555555555555555,0.0021598272138228943,1,True,False,126,810,0.8747300215982722
910226,8,8,132,8,2,0.25,16.5,0.0021598272138228943,5,True,False,127,812,0.8768898488120951
924936,8,6,154,6,2,0.25,19.25,0.0021598272138228943,4,True,False,128,814,0.8790496760259179
934098,6,5,159,4,2,0.3333333333333333,26.5,0.0021598272138228943,4,True,False,129,816,0.8812095032397408
919794,1136,32,32236,31,1,0.0008802816901408451,28.37676056338028,0.0010799136069114472,9,False,True,130,817,0.8822894168466523
919552,1089,66,37076,63,1,0.0009182736455463728,34.045913682277316,0.0010799136069114472,10,False,True,131,818,0.8833693304535637
919792,750,57,22642,56,1,0.0013333333333333333,30.189333333333334,0.0010799136069114472,10,False,True,132,819,0.8844492440604752
899082,655,69,13463,68,1,0.0015267175572519084,20.554198473282444,0.0010799136069114472,12,False,True,133,820,0.8855291576673866
901884,566,95,7676,85,1,0.0017667844522968198,13.56183745583039,0.0010799136069114472,13,False,True,134,821,0.8866090712742981
891414,503,59,5923,58,1,0.0019880715705765406,11.77534791252485,0.0010799136069114472,14,False,True,135,822,0.8876889848812095
917852,375,47,7134,46,1,0.0026666666666666666,19.024,0.0010799136069114472,10,False,True,136,823,0.8887688984881209
928888,314,35,2524,34,1,0.0031847133757961785,8.038216560509554,0.0010799136069114472,8,False,True,137,824,0.8898488120950324
906294,308,50,1455,48,1,0.003246753246753247,4.724025974025974,0.0010799136069114472,11,False,True,138,825,0.8909287257019438
937760,292,35,3411,30,1,0.003424657534246575,11.681506849315069,0.0010799136069114472,7,False,True,139,826,0.8920086393088553
939376,261,30,3707,29,1,0.0038314176245210726,14.203065134099617,0.0010799136069114472,7,False,True,140,827,0.8930885529157667
937902,247,30,2921,28,1,0.004048582995951417,11.82591093117409,0.0010799136069114472,7,False,True,141,828,0.8941684665226782
896012,244,62,1471,61,1,0.004098360655737705,6.028688524590164,0.0010799136069114472,14,False,True,142,829,0.8952483801295896
902532,239,34,4070,33,1,0.0041841004184100415,17.02928870292887,0.0010799136069114472,11,False,True,143,830,0.896328293736501
954750,223,18,4878,17,1,0.004484304932735426,21.87443946188341,0.0010799136069114472,3,False,True,144,831,0.8974082073434125
944646,219,24,2055,23,1,0.0045662100456621,9.383561643835616,0.0010799136069114472,5,False,True,145,832,0.8984881209503239
911136,211,46,4230,45,1,0.004739336492890996,20.04739336492891,0.0010799136069114472,12,False,True,146,833,0.8995680345572354
893420,206,51,4221,48,1,0.0048543689320388345,20.490291262135923,0.0010799136069114472,12,False,True,147,834,0.9006479481641468
909134,197,65,6939,63,1,0.005076142131979695,35.223350253807105,0.0010799136069114472,12,False,True,148,835,0.9017278617710583
920666,178,41,1628,40,1,0.0056179775280898875,9.146067415730338,0.0010799136069114472,10,False,True,149,836,0.9028077753779697
917850,166,48,2815,46,1,0.006024096385542169,16.957831325301203,0.0010799136069114472,10,False,True,150,837,0.9038876889848813
937812,166,30,2258,28,1,0.006024096385542169,13.602409638554217,0.0010799136069114472,7,False,True,151,838,0.9049676025917927
925826,157,37,1090,36,1,0.006369426751592357,6.942675159235669,0.0010799136069114472,8,False,True,152,839,0.906047516198704
910540,154,58,3210,56,1,0.006493506493506494,20.844155844155843,0.0010799136069114472,11,False,True,153,840,0.9071274298056156
969272,154,8,1867,7,1,0.006493506493506494,12.123376623376624,0.0010799136069114472,2,False,True,154,841,0.908207343412527
944766,152,12,1374,11,1,0.006578947368421052,9.039473684210526,0.0010799136069114472,4,False,True,155,842,0.9092872570194385
935348,147,22,1136,20,1,0.006802721088435374,7.727891156462585,0.0010799136069114472,5,False,True,156,843,0.9103671706263499
937808,127,30,1371,28,1,0.007874015748031496,10.795275590551181,0.0010799136069114472,7,False,True,157,844,0.9114470842332614
900788,124,42,801,42,1,0.008064516129032258,6.459677419354839,0.0010799136069114472,12,False,True,158,845,0.9125269978401728
900894,110,44,1317,40,1,0.00909090909090909,11.972727272727273,0.0010799136069114472,13,False,True,159,846,0.9136069114470843
904044,108,42,1968,41,1,0.009259259259259259,18.22222222222222,0.0010799136069114472,8,False,True,160,847,0.9146868250539957
890582,104,40,1306,39,1,0.009615384615384616,12.557692307692308,0.0010799136069114472,12,False,True,161,848,0.9157667386609071
932798,98,26,961,22,1,0.01020408163265306,9.806122448979592,0.0010799136069114472,8,False,True,162,849,0.9168466522678186
905430,96,16,666,15,1,0.010416666666666666,6.9375,0.0010799136069114472,3,False,True,163,850,0.91792656587473
937762,96,33,1280,28,1,0.010416666666666666,13.333333333333334,0.0010799136069114472,6,False,True,164,851,0.9190064794816415
936514,81,34,1530,30,1,0.012345679012345678,18.88888888888889,0.0010799136069114472,7,False,True,165,852,0.9200863930885529
921320,79,21,1801,20,1,0.012658227848101266,22.79746835443038,0.0010799136069114472,6,False,True,166,853,0.9211663066954644
890618,73,31,84,30,1,0.0136986301369863,1.1506849315068493,0.0010799136069114472,13,False,True,167,854,0.9222462203023758
895576,70,40,1207,39,1,0.014285714285714285,17.242857142857144,0.0010799136069114472,14,False,True,168,855,0.9233261339092873
933070,67,6,436,5,1,0.014925373134328358,6.507462686567164,0.0010799136069114472,2,False,True,169,856,0.9244060475161987
907982,66,35,1428,34,1,0.015151515151515152,21.636363636363637,0.0010799136069114472,11,False,True,170,857,0.9254859611231101
898422,64,10,467,9,1,0.015625,7.296875,0.0010799136069114472,3,False,True,171,858,0.9265658747300216
940430,64,25,61,23,1,0.015625,0.953125,0.0010799136069114472,7,False,True,172,859,0.927645788336933
937868,63,23,693,22,1,0.015873015873015872,11.0,0.0010799136069114472,7,False,True,173,860,0.9287257019438445
920726,58,22,846,22,1,0.017241379310344827,14.586206896551724,0.0010799136069114472,6,False,True,174,861,0.9298056155507559
905564,57,31,1409,29,1,0.017543859649122806,24.719298245614034,0.0010799136069114472,11,False,True,175,862,0.9308855291576674
937750,57,14,742,13,1,0.017543859649122806,13.017543859649123,0.0010799136069114472,7,False,True,176,863,0.9319654427645788
924960,54,31,1180,26,1,0.018518518518518517,21.85185185185185,0.0010799136069114472,7,False,True,177,864,0.9330453563714903
928886,53,25,454,24,1,0.018867924528301886,8.566037735849056,0.0010799136069114472,8,False,True,178,865,0.9341252699784017
953464,52,17,486,16,1,0.019230769230769232,9.346153846153847,0.0010799136069114472,4,False,True,179,866,0.9352051835853131
960620,50,10,748,9,1,0.02,14.96,0.0010799136069114472,3,False,True,180,867,0.9362850971922246
920902,48,24,2126,23,1,0.020833333333333332,44.291666666666664,0.0010799136069114472,8,False,True,181,868,0.937365010799136
937864,48,18,495,15,1,0.020833333333333332,10.3125,0.0010799136069114472,7,False,True,182,869,0.9384449244060475
905566,44,23,715,23,1,0.022727272727272728,16.25,0.0010799136069114472,10,False,True,183,870,0.9395248380129589
924546,44,23,701,22,1,0.022727272727272728,15.931818181818182,0.0010799136069114472,7,False,True,184,871,0.9406047516198704
939476,40,7,371,6,1,0.025,9.275,0.0010799136069114472,2,False,True,185,872,0.9416846652267818
955032,38,12,328,10,1,0.02631578947368421,8.631578947368421,0.0010799136069114472,2,False,True,186,873,0.9427645788336934
934074,37,19,534,19,1,0.02702702702702703,14.432432432432432,0.0010799136069114472,7,False,True,187,874,0.9438444924406048
929876,36,19,492,18,1,0.027777777777777776,13.666666666666666,0.0010799136069114472,8,False,True,188,875,0.9449244060475162
935958,35,20,779,19,1,0.02857142857142857,22.257142857142856,0.0010799136069114472,7,False,True,189,876,0.9460043196544277
918436,34,20,632,19,1,0.029411764705882353,18.58823529411765,0.0010799136069114472,8,False,True,190,877,0.9470842332613391
938614,33,13,205,12,1,0.030303030303030304,6.212121212121212,0.0010799136069114472,5,False,True,191,878,0.9481641468682506
939224,32,15,515,15,1,0.03125,16.09375,0.0010799136069114472,7,False,True,192,879,0.949244060475162
914440,30,19,573,18,1,0.03333333333333333,19.1,0.0010799136069114472,9,False,True,193,880,0.9503239740820735
924928,30,15,978,14,1,0.03333333333333333,32.6,0.0010799136069114472,6,False,True,194,881,0.9514038876889849
902910,28,20,736,20,1,0.03571428571428571,26.285714285714285,0.0010799136069114472,8,False,False,195,882,0.9524838012958964
934430,28,22,774,22,1,0.03571428571428571,27.642857142857142,0.0010799136069114472,8,False,False,196,883,0.9535637149028078
912684,27,16,958,14,1,0.037037037037037035,35.48148148148148,0.0010799136069114472,7,False,False,197,884,0.9546436285097192
951490,27,16,400,15,1,0.037037037037037035,14.814814814814815,0.0010799136069114472,5,False,False,198,885,0.9557235421166307
958452,27,12,347,11,1,0.037037037037037035,12.851851851851851,0.0010799136069114472,3,False,False,199,886,0.9568034557235421
932460,25,15,418,14,1,0.04,16.72,0.0010799136069114472,7,False,False,200,887,0.9578833693304536
898414,24,3,258,2,1,0.041666666666666664,10.75,0.0010799136069114472,1,False,False,201,888,0.958963282937365
927910,23,9,59,8,1,0.043478260869565216,2.5652173913043477,0.0010799136069114472,2,False,False,202,889,0.9600431965442765
958434,23,11,892,11,1,0.043478260869565216,38.78260869565217,0.0010799136069114472,3,False,False,203,890,0.9611231101511879
948288,22,10,296,9,1,0.045454545454545456,13.454545454545455,0.0010799136069114472,2,False,False,204,891,0.9622030237580994
919218,21,10,283,8,1,0.047619047619047616,13.476190476190476,0.0010799136069114472,4,False,False,205,892,0.9632829373650108
924930,21,13,460,11,1,0.047619047619047616,21.904761904761905,0.0010799136069114472,6,False,False,206,893,0.9643628509719222
888868,20,13,403,12,1,0.05,20.15,0.0010799136069114472,6,False,False,207,894,0.9654427645788337
924954,19,13,604,12,1,0.05263157894736842,31.789473684210527,0.0010799136069114472,5,False,False,208,895,0.9665226781857451
937874,19,6,172,5,1,0.05263157894736842,9.052631578947368,0.0010799136069114472,2,False,False,209,896,0.9676025917926566
939478,19,12,537,11,1,0.05263157894736842,28.263157894736842,0.0010799136069114472,5,False,False,210,897,0.968682505399568
894120,18,9,428,9,1,0.05555555555555555,23.77777777777778,0.0010799136069114472,4,False,False,211,898,0.9697624190064795
948758,18,8,459,7,1,0.05555555555555555,25.5,0.0010799136069114472,4,False,False,212,899,0.9708423326133909
900492,17,15,255,15,1,0.058823529411764705,15.0,0.0010799136069114472,9,False,False,213,900,0.9719222462203023
927912,17,8,46,7,1,0.058823529411764705,2.7058823529411766,0.0010799136069114472,2,False,False,214,901,0.9730021598272138
924948,15,12,272,12,1,0.06666666666666667,18.133333333333333,0.0010799136069114472,5,False,False,215,902,0.9740820734341252
896538,14,11,665,11,1,0.07142857142857142,47.5,0.0010799136069114472,7,False,False,216,903,0.9751619870410367
933986,14,8,184,7,1,0.07142857142857142,13.142857142857142,0.0010799136069114472,4,False,False,217,904,0.9762419006479481
958416,13,9,238,8,1,0.07692307692307693,18.307692307692307,0.0010799136069114472,3,False,False,218,905,0.9773218142548596
895776,12,10,175,10,1,0.08333333333333333,14.583333333333334,0.0010799136069114472,7,False,False,219,906,0.978401727861771
894224,11,9,115,6,1,0.09090909090909091,10.454545454545455,0.0010799136069114472,4,False,False,220,907,0.9794816414686826
926490,11,9,246,8,1,0.09090909090909091,22.363636363636363,0.0010799136069114472,4,False,False,221,908,0.980561555075594
934076,11,7,311,6,1,0.09090909090909091,28.272727272727273,0.0010799136069114472,4,False,False,222,909,0.9816414686825053
939708,10,7,124,6,1,0.1,12.4,0.0010799136069114472,4,False,False,223,910,0.9827213822894169
958640,10,10,105,10,1,0.1,10.5,0.0010799136069114472,3,False,False,224,911,0.9838012958963283
888406,9,7,255,7,1,0.1111111111111111,28.333333333333332,0.0010799136069114472,6,True,False,225,912,0.9848812095032398
928382,9,7,27,7,1,0.1111111111111111,3.0,0.0010799136069114472,5,True,False,226,913,0.9859611231101512
894614,8,6,115,5,1,0.125,14.375,0.0010799136069114472,3,True,False,227,914,0.9870410367170627
918888,8,8,75,7,1,0.125,9.375,0.0010799136069114472,7,True,False,228,915,0.9881209503239741
941844,7,4,117,4,1,0.14285714285714285,16.714285714285715,0.0010799136069114472,3,True,False,229,916,0.9892008639308856
890228,6,6,104,5,1,0.16666666666666666,17.333333333333332,0.0010799136069114472,3,True,False,230,917,0.990280777537797
894230,6,3,95,3,1,0.16666666666666666,15.833333333333334,0.0010799136069114472,3,True,False,231,918,0.9913606911447084
919896,5,4,70,3,1,0.2,14.0,0.0010799136069114472,3,True,False,232,919,0.9924406047516199
894232,4,3,43,3,1,0.25,10.75,0.0010799136069114472,3,True,False,233,920,0.9935205183585313
930242,4,4,69,4,1,0.25,17.25,0.0010799136069114472,2,True,False,234,921,0.9946004319654428
897872,3,3,65,2,1,0.3333333333333333,21.666666666666668,0.0010799136069114472,2,True,False,235,922,0.9956803455723542
937432,3,3,36,3,1,0.3333333333333333,12.0,0.0010799136069114472,3,True,False,236,923,0.9967602591792657
957922,3,2,26,1,1,0.3333333333333333,8.666666666666666,0.0010799136069114472,1,True,False,237,924,0.9978401727861771
913886,2,2,27,2,1,0.5,13.5,0.0010799136069114472,2,True,False,238,925,0.9989200863930886
948756,1,1,8,1,1,1.0,8.0,0.0010799136069114472,1,True,False,239,926,1.0
919790,1578,61,52875,59,0,0.0,33.50760456273764,0.0,10,False,True,240,926,1.0
925104,873,58,6503,58,0,0.0,7.449026345933563,0.0,9,False,True,241,926,1.0
939762,808,41,13725,38,0,0.0,16.986386138613863,0.0,6,False,True,242,926,1.0
918986,566,40,5485,40,0,0.0,9.690812720848056,0.0,10,False,True,243,926,1.0
890402,539,73,5559,73,0,0.0,10.313543599257885,0.0,15,False,True,244,926,1.0
889410,439,79,2777,79,0,0.0,6.325740318906606,0.0,16,False,True,245,926,1.0
891988,414,63,3865,63,0,0.0,9.33574879227053,0.0,14,False,True,246,926,1.0
937752,412,38,4498,34,0,0.0,10.91747572815534,0.0,7,False,True,247,926,1.0
952734,409,19,452,19,0,0.0,1.1051344743276283,0.0,5,False,True,248,926,1.0
962658,331,14,2721,14,0,0.0,8.220543806646525,0.0,3,False,True,249,926,1.0
901178,288,30,2563,26,0,0.0,8.899305555555555,0.0,6,False,True,250,926,1.0
900592,265,40,1794,40,0,0.0,6.769811320754717,0.0,12,False,True,251,926,1.0
903254,243,69,4134,69,0,0.0,17.012345679012345,0.0,13,False,True,252,926,1.0
944808,229,30,525,30,0,0.0,2.2925764192139737,0.0,6,False,True,253,926,1.0
962902,223,12,1610,12,0,0.0,7.219730941704036,0.0,3,False,True,254,926,1.0
937888,193,35,1588,32,0,0.0,8.2279792746114,0.0,7,False,True,255,926,1.0
937708,190,32,2502,31,0,0.0,13.16842105263158,0.0,7,False,True,256,926,1.0
944476,189,26,2544,26,0,0.0,13.46031746031746,0.0,5,False,True,257,926,1.0
939474,187,20,2717,20,0,0.0,14.529411764705882,0.0,6,False,True,258,926,1.0
937854,164,31,1506,29,0,0.0,9.182926829268293,0.0,7,False,True,259,926,1.0
925828,160,34,1000,34,0,0.0,6.25,0.0,8,False,True,260,926,1.0
936110,156,41,2448,40,0,0.0,15.692307692307692,0.0,7,False,True,261,926,1.0
912722,153,45,934,45,0,0.0,6.104575163398692,0.0,11,False,True,262,926,1.0
901886,143,50,2711,47,0,0.0,18.958041958041957,0.0,11,False,True,263,926,1.0
905870,143,31,1691,31,0,0.0,11.825174825174825,0.0,6,False,True,264,926,1.0
891416,142,47,2081,47,0,0.0,14.654929577464788,0.0,12,False,True,265,926,1.0
940952,141,13,1814,13,0,0.0,12.865248226950355,0.0,4,False,True,266,926,1.0
937774,140,12,959,12,0,0.0,6.85,0.0,3,False,True,267,926,1.0
940432,139,17,1028,17,0,0.0,7.39568345323741,0.0,6,False,True,268,926,1.0
927916,134,18,275,18,0,0.0,2.0522388059701493,0.0,4,False,True,269,926,1.0
940434,126,21,623,21,0,0.0,4.944444444444445,0.0,6,False,True,270,926,1.0
937788,125,27,1407,27,0,0.0,11.256,0.0,7,False,True,271,926,1.0
910018,123,50,2912,47,0,0.0,23.67479674796748,0.0,12,False,True,272,926,1.0
937862,122,29,1419,28,0,0.0,11.631147540983607,0.0,7,False,True,273,926,1.0
920732,116,24,1652,24,0,0.0,14.241379310344827,0.0,9,False,True,274,926,1.0
920720,114,35,1775,35,0,0.0,15.570175438596491,0.0,9,False,True,275,926,1.0
944210,114,19,4175,19,0,0.0,36.62280701754386,0.0,5,False,True,276,926,1.0
921062,113,34,1253,34,0,0.0,11.08849557522124,0.0,7,False,True,277,926,1.0
948182,111,25,1413,25,0,0.0,12.72972972972973,0.0,5,False,True,278,926,1.0
879898,104,57,1680,56,0,0.0,16.153846153846153,0.0,17,False,True,279,926,1.0
901584,104,42,609,42,0,0.0,5.855769230769231,0.0,13,False,True,280,926,1.0
924544,104,34,686,34,0,0.0,6.596153846153846,0.0,9,False,True,281,926,1.0
902720,99,33,1563,32,0,0.0,15.787878787878787,0.0,8,False,True,282,926,1.0
901350,92,32,2343,32,0,0.0,25.467391304347824,0.0,11,False,True,283,926,1.0
951186,92,12,792,12,0,0.0,8.608695652173912,0.0,5,False,True,284,926,1.0
943066,89,16,1181,16,0,0.0,13.269662921348315,0.0,4,False,True,285,926,1.0
900826,86,46,906,46,0,0.0,10.534883720930232,0.0,13,False,True,286,926,1.0
956480,86,17,1236,17,0,0.0,14.372093023255815,0.0,4,False,True,287,926,1.0
969294,84,4,710,4,0,0.0,8.452380952380953,0.0,1,False,True,288,926,1.0
937980,82,20,856,17,0,0.0,10.439024390243903,0.0,5,False,True,289,926,1.0
937810,80,31,715,28,0,0.0,8.9375,0.0,6,False,True,290,926,1.0
961770,79,16,866,15,0,0.0,10.962025316455696,0.0,3,False,True,291,926,1.0
952914,78,15,583,15,0,0.0,7.4743589743589745,0.0,5,False,True,292,926,1.0
883942,77,35,543,35,0,0.0,7.0519480519480515,0.0,14,False,True,293,926,1.0
971102,76,4,1352,4,0,0.0,17.789473684210527,0.0,1,False,True,294,926,1.0
937988,72,25,770,24,0,0.0,10.694444444444445,0.0,6,False,True,295,926,1.0
896016,71,29,551,29,0,0.0,7.76056338028169,0.0,11,False,True,296,926,1.0
905930,70,33,440,33,0,0.0,6.285714285714286,0.0,11,False,True,297,926,1.0
936984,70,32,968,32,0,0.0,13.82857142857143,0.0,7,False,True,298,926,1.0
891906,67,29,1782,29,0,0.0,26.597014925373134,0.0,12,False,True,299,926,1.0
896708,66,11,792,11,0,0.0,12.0,0.0,3,False,True,300,926,1.0
892532,65,28,1863,28,0,0.0,28.661538461538463,0.0,12,False,True,301,926,1.0
907182,65,34,714,33,0,0.0,10.984615384615385,0.0,12,False,True,302,926,1.0
920838,65,24,760,24,0,0.0,11.692307692307692,0.0,6,False,True,303,926,1.0
906398,64,28,1587,28,0,0.0,24.796875,0.0,9,False,True,304,926,1.0
938612,64,17,342,17,0,0.0,5.34375,0.0,4,False,True,305,926,1.0
880028,63,41,343,41,0,0.0,5.444444444444445,0.0,16,False,True,306,926,1.0
922474,63,16,507,16,0,0.0,8.047619047619047,0.0,4,False,True,307,926,1.0
940438,62,22,338,22,0,0.0,5.451612903225806,0.0,6,False,True,308,926,1.0
879896,58,21,574,21,0,0.0,9.89655172413793,0.0,9,False,True,309,926,1.0
895578,57,37,844,37,0,0.0,14.807017543859649,0.0,14,False,True,310,926,1.0
887278,52,24,899,24,0,0.0,17.28846153846154,0.0,9,False,True,311,926,1.0
916618,52,30,1062,30,0,0.0,20.423076923076923,0.0,9,False,True,312,926,1.0
920982,51,27,1302,27,0,0.0,25.529411764705884,0.0,9,False,True,313,926,1.0
902906,48,39,828,39,0,0.0,17.25,0.0,13,False,True,314,926,1.0
907224,48,22,1150,22,0,0.0,23.958333333333332,0.0,10,False,True,315,926,1.0
941384,48,24,555,24,0,0.0,11.5625,0.0,6,False,True,316,926,1.0
904284,47,29,728,29,0,0.0,15.48936170212766,0.0,13,False,True,317,926,1.0
940440,46,16,519,16,0,0.0,11.282608695652174,0.0,4,False,True,318,926,1.0
900790,44,8,371,8,0,0.0,8.431818181818182,0.0,3,False,True,319,926,1.0
946582,44,10,80,10,0,0.0,1.8181818181818181,0.0,3,False,True,320,926,1.0
903292,42,8,589,8,0,0.0,14.023809523809524,0.0,3,False,True,321,926,1.0
908078,42,29,694,29,0,0.0,16.523809523809526,0.0,12,False,True,322,926,1.0
901586,41,27,314,27,0,0.0,7.658536585365853,0.0,13,False,True,323,926,1.0
904014,41,13,506,13,0,0.0,12.341463414634147,0.0,6,False,True,324,926,1.0
923944,41,28,482,28,0,0.0,11.75609756097561,0.0,9,False,True,325,926,1.0
951506,40,17,1612,17,0,0.0,40.3,0.0,5,False,True,326,926,1.0
891908,39,27,396,27,0,0.0,10.153846153846153,0.0,15,False,True,327,926,1.0
907994,39,27,722,27,0,0.0,18.512820512820515,0.0,12,False,True,328,926,1.0
912252,39,27,604,27,0,0.0,15.487179487179487,0.0,8,False,True,329,926,1.0
893172,38,23,895,23,0,0.0,23.55263157894737,0.0,10,False,True,330,926,1.0
962268,38,11,642,11,0,0.0,16.894736842105264,0.0,3,False,True,331,926,1.0
954810,37,11,336,11,0,0.0,9.08108108108108,0.0,4,False,True,332,926,1.0
895786,36,14,833,14,0,0.0,23.13888888888889,0.0,5,False,True,333,926,1.0
896382,36,11,430,11,0,0.0,11.944444444444445,0.0,3,False,True,334,926,1.0
905932,36,25,288,25,0,0.0,8.0,0.0,10,False,True,335,926,1.0
926184,36,15,387,12,0,0.0,10.75,0.0,8,False,True,336,926,1.0
929332,36,16,536,15,0,0.0,14.88888888888889,0.0,4,False,True,337,926,1.0
934428,36,21,850,21,0,0.0,23.61111111111111,0.0,7,False,True,338,926,1.0
929626,35,18,438,18,0,0.0,12.514285714285714,0.0,7,False,True,339,926,1.0
900594,34,20,365,20,0,0.0,10.735294117647058,0.0,9,False,True,340,926,1.0
930908,34,22,194,22,0,0.0,5.705882352941177,0.0,8,False,True,341,926,1.0
939222,34,21,412,21,0,0.0,12.117647058823529,0.0,7,False,True,342,926,1.0
891900,33,17,1240,17,0,0.0,37.57575757575758,0.0,10,False,True,343,926,1.0
920874,33,19,913,19,0,0.0,27.666666666666668,0.0,9,False,True,344,926,1.0
960648,33,8,579,8,0,0.0,17.545454545454547,0.0,2,False,True,345,926,1.0
910516,32,22,701,22,0,0.0,21.90625,0.0,10,False,True,346,926,1.0
924956,32,19,622,18,0,0.0,19.4375,0.0,7,False,True,347,926,1.0
927070,32,20,1415,20,0,0.0,44.21875,0.0,7,False,True,348,926,1.0
946916,32,11,462,11,0,0.0,14.4375,0.0,5,False,True,349,926,1.0
929884,31,11,490,11,0,0.0,15.806451612903226,0.0,6,False,True,350,926,1.0
931914,31,18,510,18,0,0.0,16.451612903225808,0.0,8,False,True,351,926,1.0
954086,31,1,64,1,0,0.0,2.064516129032258,0.0,1,False,True,352,926,1.0
901492,30,24,725,24,0,0.0,24.166666666666668,0.0,13,False,True,353,926,1.0
901894,30,9,742,9,0,0.0,24.733333333333334,0.0,2,False,True,354,926,1.0
906394,30,19,858,19,0,0.0,28.6,0.0,7,False,True,355,926,1.0
940436,30,9,325,9,0,0.0,10.833333333333334,0.0,3,False,True,356,926,1.0
924958,29,17,374,17,0,0.0,12.89655172413793,0.0,6,False,False,357,926,1.0
944228,29,10,1413,10,0,0.0,48.724137931034484,0.0,3,False,False,358,926,1.0
887282,28,20,1249,20,0,0.0,44.607142857142854,0.0,12,False,False,359,926,1.0
892534,28,8,941,8,0,0.0,33.607142857142854,0.0,4,False,False,360,926,1.0
901734,28,13,393,13,0,0.0,14.035714285714286,0.0,7,False,False,361,926,1.0
903512,28,17,1190,16,0,0.0,42.5,0.0,6,False,False,362,926,1.0
936324,28,12,392,12,0,0.0,14.0,0.0,6,False,False,363,926,1.0
951492,28,14,646,13,0,0.0,23.071428571428573,0.0,4,False,False,364,926,1.0
901588,27,19,166,19,0,0.0,6.148148148148148,0.0,9,False,False,365,926,1.0
908082,27,18,279,17,0,0.0,10.333333333333334,0.0,9,False,False,366,926,1.0
922428,27,16,228,16,0,0.0,8.444444444444445,0.0,5,False,False,367,926,1.0
940456,26,15,214,14,0,0.0,8.23076923076923,0.0,5,False,False,368,926,1.0
944644,26,14,635,14,0,0.0,24.423076923076923,0.0,5,False,False,369,926,1.0
924950,25,17,590,17,0,0.0,23.6,0.0,7,False,False,370,926,1.0
928202,25,14,371,14,0,0.0,14.84,0.0,5,False,False,371,926,1.0
933804,25,14,346,14,0,0.0,13.84,0.0,7,False,False,372,926,1.0
937374,25,16,895,16,0,0.0,35.8,0.0,5,False,False,373,926,1.0
937782,25,16,334,16,0,0.0,13.36,0.0,7,False,False,374,926,1.0
880026,24,18,143,18,0,0.0,5.958333333333333,0.0,14,False,False,375,926,1.0
906076,24,2,1223,2,0,0.0,50.958333333333336,0.0,1,False,False,376,926,1.0
914256,24,15,368,15,0,0.0,15.333333333333334,0.0,7,False,False,377,926,1.0
937984,24,9,228,8,0,0.0,9.5,0.0,3,False,False,378,926,1.0
948150,24,3,254,3,0,0.0,10.583333333333334,0.0,3,False,False,379,926,1.0
890412,23,7,369,7,0,0.0,16.043478260869566,0.0,2,False,False,380,926,1.0
896428,23,8,189,8,0,0.0,8.217391304347826,0.0,4,False,False,381,926,1.0
908834,23,4,781,4,0,0.0,33.95652173913044,0.0,1,False,False,382,926,1.0
933832,23,16,590,16,0,0.0,25.652173913043477,0.0,8,False,False,383,926,1.0
940458,23,19,717,17,0,0.0,31.17391304347826,0.0,7,False,False,384,926,1.0
961064,23,6,173,6,0,0.0,7.521739130434782,0.0,2,False,False,385,926,1.0
884478,22,12,323,12,0,0.0,14.681818181818182,0.0,6,False,False,386,926,1.0
898558,22,12,622,12,0,0.0,28.272727272727273,0.0,5,False,False,387,926,1.0
900614,22,12,215,12,0,0.0,9.772727272727273,0.0,6,False,False,388,926,1.0
900742,22,9,283,9,0,0.0,12.863636363636363,0.0,7,False,False,389,926,1.0
924952,22,11,467,11,0,0.0,21.227272727272727,0.0,6,False,False,390,926,1.0
958394,22,10,157,10,0,0.0,7.136363636363637,0.0,3,False,False,391,926,1.0
958430,22,9,409,9,0,0.0,18.59090909090909,0.0,3,False,False,392,926,1.0
925106,21,15,566,14,0,0.0,26.952380952380953,0.0,7,False,False,393,926,1.0
932836,21,11,270,11,0,0.0,12.857142857142858,0.0,5,False,False,394,926,1.0
894656,20,15,483,15,0,0.0,24.15,0.0,11,False,False,395,926,1.0
919994,20,12,834,12,0,0.0,41.7,0.0,6,False,False,396,926,1.0
898560,19,8,624,8,0,0.0,32.8421052631579,0.0,4,False,False,397,926,1.0
898906,19,4,228,4,0,0.0,12.0,0.0,2,False,False,398,926,1.0
904058,19,17,311,17,0,0.0,16.36842105263158,0.0,10,False,False,399,926,1.0
910044,19,10,282,10,0,0.0,14.842105263157896,0.0,6,False,False,400,926,1.0
913868,19,1,48,1,0,0.0,2.526315789473684,0.0,1,False,False,401,926,1.0
914630,19,12,238,12,0,0.0,12.526315789473685,0.0,7,False,False,402,926,1.0
935548,19,12,207,12,0,0.0,10.894736842105264,0.0,6,False,False,403,926,1.0
939470,19,7,257,7,0,0.0,13.526315789473685,0.0,4,False,False,404,926,1.0
884412,18,16,750,16,0,0.0,41.666666666666664,0.0,8,False,False,405,926,1.0
887416,18,11,301,11,0,0.0,16.72222222222222,0.0,8,False,False,406,926,1.0
919214,18,10,511,10,0,0.0,28.38888888888889,0.0,5,False,False,407,926,1.0
922356,18,9,472,9,0,0.0,26.22222222222222,0.0,4,False,False,408,926,1.0
928312,18,14,261,14,0,0.0,14.5,0.0,8,False,False,409,926,1.0
940968,18,13,313,13,0,0.0,17.38888888888889,0.0,7,False,False,410,926,1.0
907964,17,12,274,12,0,0.0,16.11764705882353,0.0,7,False,False,411,926,1.0
939684,17,10,220,10,0,0.0,12.941176470588236,0.0,5,False,False,412,926,1.0
887802,16,6,209,6,0,0.0,13.0625,0.0,4,False,False,413,926,1.0
890410,16,3,108,3,0,0.0,6.75,0.0,1,False,False,414,926,1.0
891946,16,13,316,13,0,0.0,19.75,0.0,9,False,False,415,926,1.0
892536,16,11,582,11,0,0.0,36.375,0.0,5,False,False,416,926,1.0
896020,16,3,15,3,0,0.0,0.9375,0.0,2,False,False,417,926,1.0
907970,16,14,283,14,0,0.0,17.6875,0.0,8,False,False,418,926,1.0
937678,16,12,190,12,0,0.0,11.875,0.0,7,False,False,419,926,1.0
937742,16,11,260,11,0,0.0,16.25,0.0,5,False,False,420,926,1.0
882688,15,2,673,2,0,0.0,44.86666666666667,0.0,2,False,False,421,926,1.0
951526,15,11,219,11,0,0.0,14.6,0.0,5,False,False,422,926,1.0
958432,15,10,377,10,0,0.0,25.133333333333333,0.0,3,False,False,423,926,1.0
962062,15,8,204,8,0,0.0,13.6,0.0,3,False,False,424,926,1.0
896014,14,12,189,12,0,0.0,13.5,0.0,7,False,False,425,926,1.0
909768,14,14,588,14,0,0.0,42.0,0.0,9,False,False,426,926,1.0
926486,14,11,118,11,0,0.0,8.428571428571429,0.0,6,False,False,427,926,1.0
938022,14,5,151,5,0,0.0,10.785714285714286,0.0,2,False,False,428,926,1.0
895774,13,6,142,6,0,0.0,10.923076923076923,0.0,3,False,False,429,926,1.0
895782,13,8,249,8,0,0.0,19.153846153846153,0.0,3,False,False,430,926,1.0
898920,13,2,194,2,0,0.0,14.923076923076923,0.0,1,False,False,431,926,1.0
901034,13,10,159,10,0,0.0,12.23076923076923,0.0,5,False,False,432,926,1.0
902608,13,5,137,4,0,0.0,10.538461538461538,0.0,2,False,False,433,926,1.0
905844,13,12,163,12,0,0.0,12.538461538461538,0.0,7,False,False,434,926,1.0
908152,13,9,522,9,0,0.0,40.15384615384615,0.0,3,False,False,435,926,1.0
910958,13,10,709,9,0,0.0,54.53846153846154,0.0,4,False,False,436,926,1.0
921102,13,9,264,9,0,0.0,20.307692307692307,0.0,7,False,False,437,926,1.0
956484,13,9,273,9,0,0.0,21.0,0.0,4,False,False,438,926,1.0
968338,13,6,115,6,0,0.0,8.846153846153847,0.0,2,False,False,439,926,1.0
884946,12,7,159,7,0,0.0,13.25,0.0,5,False,False,440,926,1.0
891824,12,7,195,7,0,0.0,16.25,0.0,4,False,False,441,926,1.0
898892,12,10,199,10,0,0.0,16.583333333333332,0.0,7,False,False,442,926,1.0
905432,12,6,64,5,0,0.0,5.333333333333333,0.0,2,False,False,443,926,1.0
914050,12,10,102,10,0,0.0,8.5,0.0,6,False,False,444,926,1.0
914170,12,5,143,5,0,0.0,11.916666666666666,0.0,3,False,False,445,926,1.0
919956,12,12,129,11,0,0.0,10.75,0.0,5,False,False,446,926,1.0
929622,12,8,162,8,0,0.0,13.5,0.0,5,False,False,447,926,1.0
932750,12,5,115,5,0,0.0,9.583333333333334,0.0,3,False,False,448,926,1.0
947818,12,4,137,4,0,0.0,11.416666666666666,0.0,3,False,False,449,926,1.0
886674,11,9,168,9,0,0.0,15.272727272727273,0.0,6,False,False,450,926,1.0
895170,11,10,161,10,0,0.0,14.636363636363637,0.0,4,False,False,451,926,1.0
901992,11,7,91,7,0,0.0,8.272727272727273,0.0,4,False,False,452,926,1.0
910224,11,8,153,8,0,0.0,13.909090909090908,0.0,6,False,False,453,926,1.0
915958,11,6,223,6,0,0.0,20.272727272727273,0.0,3,False,False,454,926,1.0
925808,11,9,209,8,0,0.0,19.0,0.0,4,False,False,455,926,1.0
930814,11,9,175,9,0,0.0,15.909090909090908,0.0,5,False,False,456,926,1.0
937856,11,7,120,7,0,0.0,10.909090909090908,0.0,4,False,False,457,926,1.0
939218,11,9,87,9,0,0.0,7.909090909090909,0.0,5,False,False,458,926,1.0
947816,11,6,220,6,0,0.0,20.0,0.0,4,False,False,459,926,1.0
892538,10,6,300,6,0,0.0,30.0,0.0,4,False,False,460,926,1.0
896010,10,7,186,7,0,0.0,18.6,0.0,5,False,False,461,926,1.0
903974,10,2,167,2,0,0.0,16.7,0.0,1,False,False,462,926,1.0
926312,10,9,135,9,0,0.0,13.5,0.0,6,False,False,463,926,1.0
930326,10,8,117,8,0,0.0,11.7,0.0,5,False,False,464,926,1.0
954290,10,7,197,7,0,0.0,19.7,0.0,2,False,False,465,926,1.0
958456,10,6,264,6,0,0.0,26.4,0.0,2,False,False,466,926,1.0
892530,9,7,302,7,0,0.0,33.55555555555556,0.0,4,False,False,467,926,1.0
900180,9,2,72,2,0,0.0,8.0,0.0,2,False,False,468,926,1.0
903390,9,7,142,7,0,0.0,15.777777777777779,0.0,5,False,False,469,926,1.0
907174,9,8,557,8,0,0.0,61.888888888888886,0.0,7,False,False,470,926,1.0
934608,9,7,120,7,0,0.0,13.333333333333334,0.0,3,False,False,471,926,1.0
938432,9,6,184,6,0,0.0,20.444444444444443,0.0,4,False,False,472,926,1.0
944246,9,5,333,5,0,0.0,37.0,0.0,3,False,False,473,926,1.0
950634,9,8,110,8,0,0.0,12.222222222222221,0.0,5,False,False,474,926,1.0
958418,9,4,85,4,0,0.0,9.444444444444445,0.0,2,False,False,475,926,1.0
880022,8,8,112,8,0,0.0,14.0,0.0,5,False,False,476,926,1.0
891646,8,7,164,7,0,0.0,20.5,0.0,7,False,False,477,926,1.0
895172,8,6,92,6,0,0.0,11.5,0.0,4,False,False,478,926,1.0
896018,8,8,217,8,0,0.0,27.125,0.0,7,False,False,479,926,1.0
917876,8,7,108,7,0,0.0,13.5,0.0,4,False,False,480,926,1.0
924940,8,6,164,6,0,0.0,20.5,0.0,4,False,False,481,926,1.0
929340,8,6,349,6,0,0.0,43.625,0.0,5,False,False,482,926,1.0
932500,8,6,144,6,0,0.0,18.0,0.0,3,False,False,483,926,1.0
934000,8,5,122,5,0,0.0,15.25,0.0,4,False,False,484,926,1.0
934170,8,5,82,5,0,0.0,10.25,0.0,5,False,False,485,926,1.0
934432,8,6,287,6,0,0.0,35.875,0.0,4,False,False,486,926,1.0
935870,8,7,103,7,0,0.0,12.875,0.0,6,False,False,487,926,1.0
939212,8,7,149,7,0,0.0,18.625,0.0,4,False,False,488,926,1.0
939716,8,2,40,2,0,0.0,5.0,0.0,1,False,False,489,926,1.0
951332,8,4,256,4,0,0.0,32.0,0.0,2,False,False,490,926,1.0
952462,8,6,169,6,0,0.0,21.125,0.0,3,False,False,491,926,1.0
952982,8,6,7,6,0,0.0,0.875,0.0,3,False,False,492,926,1.0
956276,8,3,53,2,0,0.0,6.625,0.0,2,False,False,493,926,1.0
880020,7,7,54,7,0,0.0,7.714285714285714,0.0,4,False,False,494,926,1.0
904200,7,6,146,6,0,0.0,20.857142857142858,0.0,3,False,False,495,926,1.0
904202,7,6,81,5,0,0.0,11.571428571428571,0.0,3,False,False,496,926,1.0
906402,7,6,324,6,0,0.0,46.285714285714285,0.0,5,False,False,497,926,1.0
924946,7,5,215,3,0,0.0,30.714285714285715,0.0,3,False,False,498,926,1.0
928142,7,7,96,7,0,0.0,13.714285714285714,0.0,6,False,False,499,926,1.0
932672,7,3,10,3,0,0.0,1.4285714285714286,0.0,2,False,False,500,926,1.0
937604,7,5,80,5,0,0.0,11.428571428571429,0.0,2,False,False,501,926,1.0
937880,7,5,65,4,0,0.0,9.285714285714286,0.0,1,False,False,502,926,1.0
952126,7,5,101,5,0,0.0,14.428571428571429,0.0,3,False,False,503,926,1.0
953952,7,3,91,3,0,0.0,13.0,0.0,1,False,False,504,926,1.0
954616,7,6,46,6,0,0.0,6.571428571428571,0.0,4,False,False,505,926,1.0
958468,7,4,244,4,0,0.0,34.857142857142854,0.0,3,False,False,506,926,1.0
958478,7,5,237,5,0,0.0,33.857142857142854,0.0,2,False,False,507,926,1.0
883940,6,5,76,5,0,0.0,12.666666666666666,0.0,3,False,False,508,926,1.0
888520,6,5,94,5,0,0.0,15.666666666666666,0.0,5,False,False,509,926,1.0
897030,6,5,76,5,0,0.0,12.666666666666666,0.0,3,False,False,510,926,1.0
907440,6,6,143,6,0,0.0,23.833333333333332,0.0,5,False,False,511,926,1.0
908002,6,4,99,4,0,0.0,16.5,0.0,4,False,False,512,926,1.0
908098,6,3,158,3,0,0.0,26.333333333333332,0.0,2,False,False,513,926,1.0
914172,6,2,69,2,0,0.0,11.5,0.0,2,False,False,514,926,1.0
914842,6,6,113,6,0,0.0,18.833333333333332,0.0,5,False,False,515,926,1.0
917252,6,3,249,3,0,0.0,41.5,0.0,2,False,False,516,926,1.0
921104,6,4,123,4,0,0.0,20.5,0.0,4,False,False,517,926,1.0
924614,6,4,37,4,0,0.0,6.166666666666667,0.0,4,False,False,518,926,1.0
932292,6,4,88,4,0,0.0,14.666666666666666,0.0,3,False,False,519,926,1.0
934188,6,3,104,3,0,0.0,17.333333333333332,0.0,3,False,False,520,926,1.0
934424,6,5,164,5,0,0.0,27.333333333333332,0.0,3,False,False,521,926,1.0
944474,6,2,150,2,0,0.0,25.0,0.0,2,False,False,522,926,1.0
950806,6,4,67,4,0,0.0,11.166666666666666,0.0,3,False,False,523,926,1.0
956268,6,3,94,3,0,0.0,15.666666666666666,0.0,3,False,False,524,926,1.0
960698,6,3,101,3,0,0.0,16.833333333333332,0.0,2,False,False,525,926,1.0
964712,6,3,122,2,0,0.0,20.333333333333332,0.0,1,False,False,526,926,1.0
971354,6,2,84,2,0,0.0,14.0,0.0,1,False,False,527,926,1.0
891744,5,4,107,4,0,0.0,21.4,0.0,2,False,False,528,926,1.0
891918,5,5,156,5,0,0.0,31.2,0.0,5,False,False,529,926,1.0
901038,5,4,114,4,0,0.0,22.8,0.0,4,False,False,530,926,1.0
901498,5,4,265,4,0,0.0,53.0,0.0,4,False,False,531,926,1.0
903976,5,2,42,2,0,0.0,8.4,0.0,1,False,False,532,926,1.0
904204,5,4,161,4,0,0.0,32.2,0.0,3,False,False,533,926,1.0
906416,5,5,83,5,0,0.0,16.6,0.0,2,False,False,534,926,1.0
906420,5,5,55,5,0,0.0,11.0,0.0,3,False,False,535,926,1.0
907504,5,4,109,4,0,0.0,21.8,0.0,2,False,False,536,926,1.0
907972,5,4,57,4,0,0.0,11.4,0.0,2,False,False,537,926,1.0
908080,5,4,70,4,0,0.0,14.0,0.0,2,False,False,538,926,1.0
909392,5,5,130,5,0,0.0,26.0,0.0,4,False,False,539,926,1.0
913780,5,3,89,3,0,0.0,17.8,0.0,3,False,False,540,926,1.0
914870,5,4,84,4,0,0.0,16.8,0.0,3,False,False,541,926,1.0
917234,5,5,69,5,0,0.0,13.8,0.0,4,False,False,542,926,1.0
924934,5,3,192,3,0,0.0,38.4,0.0,3,False,False,543,926,1.0
927908,5,3,13,3,0,0.0,2.6,0.0,2,False,False,544,926,1.0
928092,5,3,236,3,0,0.0,47.2,0.0,3,False,False,545,926,1.0
928404,5,3,77,3,0,0.0,15.4,0.0,2,False,False,546,926,1.0
930186,5,4,27,4,0,0.0,5.4,0.0,4,False,False,547,926,1.0
930820,5,5,71,5,0,0.0,14.2,0.0,4,False,False,548,926,1.0
935268,5,4,48,4,0,0.0,9.6,0.0,3,False,False,549,926,1.0
937362,5,2,253,2,0,0.0,50.6,0.0,1,False,False,550,926,1.0
944560,5,3,89,3,0,0.0,17.8,0.0,2,False,False,551,926,1.0
944648,5,3,198,3,0,0.0,39.6,0.0,3,False,False,552,926,1.0
949420,5,4,4,4,0,0.0,0.8,0.0,2,False,False,553,926,1.0
951614,5,3,70,3,0,0.0,14.0,0.0,2,False,False,554,926,1.0
956080,5,3,252,3,0,0.0,50.4,0.0,2,False,False,555,926,1.0
968520,5,1,5,1,0,0.0,1.0,0.0,1,False,False,556,926,1.0
889638,4,3,58,3,0,0.0,14.5,0.0,3,False,False,557,926,1.0
895140,4,2,152,2,0,0.0,38.0,0.0,2,False,False,558,926,1.0
903978,4,1,38,1,0,0.0,9.5,0.0,1,False,False,559,926,1.0
905574,4,3,42,3,0,0.0,10.5,0.0,3,False,False,560,926,1.0
906296,4,2,65,2,0,0.0,16.25,0.0,1,False,False,561,926,1.0
906418,4,3,60,3,0,0.0,15.0,0.0,1,False,False,562,926,1.0
909892,4,3,42,3,0,0.0,10.5,0.0,2,False,False,563,926,1.0
922698,4,2,43,1,0,0.0,10.75,0.0,1,False,False,564,926,1.0
927142,4,4,15,4,0,0.0,3.75,0.0,2,False,False,565,926,1.0
928022,4,2,62,2,0,0.0,15.5,0.0,2,False,False,566,926,1.0
930264,4,3,39,3,0,0.0,9.75,0.0,2,False,False,567,926,1.0
930660,4,2,26,2,0,0.0,6.5,0.0,1,False,False,568,926,1.0
930816,4,4,51,4,0,0.0,12.75,0.0,2,False,False,569,926,1.0
932502,4,4,63,4,0,0.0,15.75,0.0,4,False,False,570,926,1.0
933996,4,4,102,4,0,0.0,25.5,0.0,3,False,False,571,926,1.0
935264,4,2,28,2,0,0.0,7.0,0.0,1,False,False,572,926,1.0
945058,4,2,75,2,0,0.0,18.75,0.0,1,False,False,573,926,1.0
948284,4,4,107,4,0,0.0,26.75,0.0,2,False,False,574,926,1.0
948524,4,4,22,4,0,0.0,5.5,0.0,3,False,False,575,926,1.0
950972,4,4,117,4,0,0.0,29.25,0.0,2,False,False,576,926,1.0
951118,4,4,130,4,0,0.0,32.5,0.0,3,False,False,577,926,1.0
952656,4,4,30,4,0,0.0,7.5,0.0,2,False,False,578,926,1.0
962168,4,4,69,4,0,0.0,17.25,0.0,3,False,False,579,926,1.0
965942,4,2,51,1,0,0.0,12.75,0.0,1,False,False,580,926,1.0
968150,4,2,4,2,0,0.0,1.0,0.0,2,False,False,581,926,1.0
882476,3,3,95,3,0,0.0,31.666666666666668,0.0,3,False,False,582,926,1.0
882478,3,2,76,1,0,0.0,25.333333333333332,0.0,1,False,False,583,926,1.0
888540,3,3,59,3,0,0.0,19.666666666666668,0.0,3,False,False,584,926,1.0
890226,3,3,82,3,0,0.0,27.333333333333332,0.0,3,False,False,585,926,1.0
895598,3,2,18,2,0,0.0,6.0,0.0,2,False,False,586,926,1.0
899892,3,3,95,3,0,0.0,31.666666666666668,0.0,3,False,False,587,926,1.0
901996,3,1,43,1,0,0.0,14.333333333333334,0.0,1,False,False,588,926,1.0
904372,3,2,68,2,0,0.0,22.666666666666668,0.0,1,False,False,589,926,1.0
907178,3,2,72,2,0,0.0,24.0,0.0,1,False,False,590,926,1.0
907974,3,3,29,3,0,0.0,9.666666666666666,0.0,3,False,False,591,926,1.0
908130,3,3,85,3,0,0.0,28.333333333333332,0.0,3,False,False,592,926,1.0
908162,3,2,159,2,0,0.0,53.0,0.0,2,False,False,593,926,1.0
908300,3,2,169,1,0,0.0,56.333333333333336,0.0,1,False,False,594,926,1.0
909624,3,2,101,1,0,0.0,33.666666666666664,0.0,1,False,False,595,926,1.0
914426,3,3,69,3,0,0.0,23.0,0.0,3,False,False,596,926,1.0
914636,3,2,28,2,0,0.0,9.333333333333334,0.0,2,False,False,597,926,1.0
917846,3,2,25,2,0,0.0,8.333333333333334,0.0,2,False,False,598,926,1.0
917856,3,2,33,2,0,0.0,11.0,0.0,2,False,False,599,926,1.0
924932,3,3,54,3,0,0.0,18.0,0.0,2,False,False,600,926,1.0
926214,3,1,27,1,0,0.0,9.0,0.0,1,False,False,601,926,1.0
930818,3,3,41,3,0,0.0,13.666666666666666,0.0,2,False,False,602,926,1.0
937366,3,2,161,2,0,0.0,53.666666666666664,0.0,1,False,False,603,926,1.0
937786,3,2,27,2,0,0.0,9.0,0.0,1,False,False,604,926,1.0
940568,3,2,18,2,0,0.0,6.0,0.0,1,False,False,605,926,1.0
941786,3,1,39,1,0,0.0,13.0,0.0,1,False,False,606,926,1.0
944310,3,2,15,2,0,0.0,5.0,0.0,1,False,False,607,926,1.0
946988,3,2,30,2,0,0.0,10.0,0.0,2,False,False,608,926,1.0
949252,3,2,40,2,0,0.0,13.333333333333334,0.0,2,False,False,609,926,1.0
951046,3,3,42,3,0,0.0,14.0,0.0,3,False,False,610,926,1.0
956292,3,3,35,2,0,0.0,11.666666666666666,0.0,1,False,False,611,926,1.0
958470,3,3,152,3,0,0.0,50.666666666666664,0.0,2,False,False,612,926,1.0
961552,3,1,104,1,0,0.0,34.666666666666664,0.0,1,False,False,613,926,1.0
966158,3,3,45,2,0,0.0,15.0,0.0,2,False,False,614,926,1.0
969288,3,2,88,2,0,0.0,29.333333333333332,0.0,1,False,False,615,926,1.0
970254,3,1,121,1,0,0.0,40.333333333333336,0.0,1,False,False,616,926,1.0
971100,3,2,26,2,0,0.0,8.666666666666666,0.0,1,False,False,617,926,1.0
884524,2,2,19,2,0,0.0,9.5,0.0,2,False,False,618,926,1.0
886892,2,1,58,1,0,0.0,29.0,0.0,1,False,False,619,926,1.0
888536,2,2,43,2,0,0.0,21.5,0.0,2,False,False,620,926,1.0
889640,2,2,27,2,0,0.0,13.5,0.0,1,False,False,621,926,1.0
893400,2,2,39,1,0,0.0,19.5,0.0,1,False,False,622,926,1.0
895266,2,2,20,2,0,0.0,10.0,0.0,2,False,False,623,926,1.0
898676,2,2,16,2,0,0.0,8.0,0.0,1,False,False,624,926,1.0
899898,2,2,50,2,0,0.0,25.0,0.0,2,False,False,625,926,1.0
899900,2,2,116,2,0,0.0,58.0,0.0,2,False,False,626,926,1.0
905082,2,1,34,1,0,0.0,17.0,0.0,1,False,False,627,926,1.0
905842,2,2,231,2,0,0.0,115.5,0.0,2,False,False,628,926,1.0
910038,2,2,30,2,0,0.0,15.0,0.0,2,False,False,629,926,1.0
911152,2,1,43,1,0,0.0,21.5,0.0,1,False,False,630,926,1.0
911214,2,2,36,2,0,0.0,18.0,0.0,2,False,False,631,926,1.0
913474,2,1,74,1,0,0.0,37.0,0.0,1,False,False,632,926,1.0
914848,2,2,37,2,0,0.0,18.5,0.0,2,False,False,633,926,1.0
915614,2,1,56,1,0,0.0,28.0,0.0,1,False,False,634,926,1.0
917378,2,2,25,2,0,0.0,12.5,0.0,1,False,False,635,926,1.0
917680,2,2,200,2,0,0.0,100.0,0.0,2,False,False,636,926,1.0
918956,2,2,69,2,0,0.0,34.5,0.0,1,False,False,637,926,1.0
919190,2,2,22,2,0,0.0,11.0,0.0,2,False,False,638,926,1.0
919536,2,2,18,2,0,0.0,9.0,0.0,2,False,False,639,926,1.0
919958,2,1,35,1,0,0.0,17.5,0.0,1,False,False,640,926,1.0
922154,2,2,18,2,0,0.0,9.0,0.0,2,False,False,641,926,1.0
930510,2,2,44,2,0,0.0,22.0,0.0,2,False,False,642,926,1.0
930594,2,1,21,1,0,0.0,10.5,0.0,1,False,False,643,926,1.0
930690,2,2,13,2,0,0.0,6.5,0.0,2,False,False,644,926,1.0
932304,2,2,40,2,0,0.0,20.0,0.0,2,False,False,645,926,1.0
932754,2,2,11,2,0,0.0,5.5,0.0,2,False,False,646,926,1.0
933244,2,2,18,2,0,0.0,9.0,0.0,1,False,False,647,926,1.0
935216,2,2,10,2,0,0.0,5.0,0.0,2,False,False,648,926,1.0
935244,2,1,38,1,0,0.0,19.0,0.0,1,False,False,649,926,1.0
935956,2,2,105,2,0,0.0,52.5,0.0,2,False,False,650,926,1.0
939698,2,2,26,2,0,0.0,13.0,0.0,2,False,False,651,926,1.0
940508,2,2,83,1,0,0.0,41.5,0.0,1,False,False,652,926,1.0
940772,2,1,9,1,0,0.0,4.5,0.0,1,False,False,653,926,1.0
942214,2,2,21,2,0,0.0,10.5,0.0,1,False,False,654,926,1.0
944564,2,2,28,2,0,0.0,14.0,0.0,2,False,False,655,926,1.0
944908,2,2,27,2,0,0.0,13.5,0.0,2,False,False,656,926,1.0
947610,2,2,19,2,0,0.0,9.5,0.0,1,False,False,657,926,1.0
947638,2,1,27,1,0,0.0,13.5,0.0,1,False,False,658,926,1.0
948170,2,2,30,2,0,0.0,15.0,0.0,2,False,False,659,926,1.0
952196,2,2,24,2,0,0.0,12.0,0.0,2,False,False,660,926,1.0
952292,2,1,81,1,0,0.0,40.5,0.0,1,False,False,661,926,1.0
952954,2,2,2,2,0,0.0,1.0,0.0,2,False,False,662,926,1.0
952968,2,2,10,2,0,0.0,5.0,0.0,2,False,False,663,926,1.0
955164,2,2,52,2,0,0.0,26.0,0.0,2,False,False,664,926,1.0
958454,2,1,30,1,0,0.0,15.0,0.0,1,False,False,665,926,1.0
960296,2,2,126,2,0,0.0,63.0,0.0,2,False,False,666,926,1.0
964518,2,1,42,1,0,0.0,21.0,0.0,1,False,False,667,926,1.0
966686,2,1,33,1,0,0.0,16.5,0.0,1,False,False,668,926,1.0
968368,2,2,38,2,0,0.0,19.0,0.0,1,False,False,669,926,1.0
970244,2,1,81,1,0,0.0,40.5,0.0,1,False,False,670,926,1.0
973286,2,1,88,1,0,0.0,44.0,0.0,1,False,False,671,926,1.0
884294,1,1,6,1,0,0.0,6.0,0.0,1,False,False,672,926,1.0
886146,1,1,9,1,0,0.0,9.0,0.0,1,False,False,673,926,1.0
888538,1,1,24,1,0,0.0,24.0,0.0,1,False,False,674,926,1.0
891254,1,1,26,1,0,0.0,26.0,0.0,1,False,False,675,926,1.0
891948,1,1,3,1,0,0.0,3.0,0.0,1,False,False,676,926,1.0
892798,1,1,43,1,0,0.0,43.0,0.0,1,False,False,677,926,1.0
894662,1,1,9,1,0,0.0,9.0,0.0,1,False,False,678,926,1.0
896430,1,1,13,1,0,0.0,13.0,0.0,1,False,False,679,926,1.0
899906,1,1,19,1,0,0.0,19.0,0.0,1,False,False,680,926,1.0
899912,1,1,19,1,0,0.0,19.0,0.0,1,False,False,681,926,1.0
900192,1,1,5,1,0,0.0,5.0,0.0,1,False,False,682,926,1.0
900458,1,1,9,1,0,0.0,9.0,0.0,1,False,False,683,926,1.0
900792,1,1,34,1,0,0.0,34.0,0.0,1,False,False,684,926,1.0
902238,1,1,8,1,0,0.0,8.0,0.0,1,False,False,685,926,1.0
905472,1,1,21,1,0,0.0,21.0,0.0,1,False,False,686,926,1.0
905478,1,1,36,1,0,0.0,36.0,0.0,1,False,False,687,926,1.0
905934,1,1,9,1,0,0.0,9.0,0.0,1,False,False,688,926,1.0
907618,1,1,35,1,0,0.0,35.0,0.0,1,False,False,689,926,1.0
907986,1,1,20,1,0,0.0,20.0,0.0,1,False,False,690,926,1.0
908180,1,1,15,1,0,0.0,15.0,0.0,1,False,False,691,926,1.0
909894,1,1,13,1,0,0.0,13.0,0.0,1,False,False,692,926,1.0
909896,1,1,9,1,0,0.0,9.0,0.0,1,False,False,693,926,1.0
911104,1,1,13,1,0,0.0,13.0,0.0,1,False,False,694,926,1.0
913984,1,1,17,1,0,0.0,17.0,0.0,1,False,False,695,926,1.0
914168,1,1,11,1,0,0.0,11.0,0.0,1,False,False,696,926,1.0
917858,1,1,14,1,0,0.0,14.0,0.0,1,False,False,697,926,1.0
918958,1,1,37,1,0,0.0,37.0,0.0,1,False,False,698,926,1.0
918988,1,1,13,1,0,0.0,13.0,0.0,1,False,False,699,926,1.0
920930,1,1,62,1,0,0.0,62.0,0.0,1,False,False,700,926,1.0
922114,1,1,61,1,0,0.0,61.0,0.0,1,False,False,701,926,1.0
922486,1,1,8,1,0,0.0,8.0,0.0,1,False,False,702,926,1.0
923254,1,1,45,1,0,0.0,45.0,0.0,1,False,False,703,926,1.0
923646,1,1,19,1,0,0.0,19.0,0.0,1,False,False,704,926,1.0
923744,1,1,5,1,0,0.0,5.0,0.0,1,False,False,705,926,1.0
924662,1,1,20,1,0,0.0,20.0,0.0,1,False,False,706,926,1.0
928926,1,1,5,1,0,0.0,5.0,0.0,1,False,False,707,926,1.0
929228,1,1,24,1,0,0.0,24.0,0.0,1,False,False,708,926,1.0
930582,1,1,16,1,0,0.0,16.0,0.0,1,False,False,709,926,1.0
930910,1,1,5,1,0,0.0,5.0,0.0,1,False,False,710,926,1.0
932498,1,1,11,1,0,0.0,11.0,0.0,1,False,False,711,926,1.0
934476,1,1,13,1,0,0.0,13.0,0.0,1,False,False,712,926,1.0
935394,1,1,7,1,0,0.0,7.0,0.0,1,False,False,713,926,1.0
936382,1,1,39,1,0,0.0,39.0,0.0,1,False,False,714,926,1.0
937370,1,1,7,1,0,0.0,7.0,0.0,1,False,False,715,926,1.0
940512,1,1,19,1,0,0.0,19.0,0.0,1,False,False,716,926,1.0
940514,1,1,11,1,0,0.0,11.0,0.0,1,False,False,717,926,1.0
940596,1,1,4,1,0,0.0,4.0,0.0,1,False,False,718,926,1.0
940610,1,1,4,1,0,0.0,4.0,0.0,1,False,False,719,926,1.0
940828,1,1,2,1,0,0.0,2.0,0.0,1,False,False,720,926,1.0
941390,1,1,5,1,0,0.0,5.0,0.0,1,False,False,721,926,1.0
941628,1,1,19,1,0,0.0,19.0,0.0,1,False,False,722,926,1.0
943818,1,1,5,1,0,0.0,5.0,0.0,1,False,False,723,926,1.0
945710,1,1,17,1,0,0.0,17.0,0.0,1,False,False,724,926,1.0
946020,1,1,3,1,0,0.0,3.0,0.0,1,False,False,725,926,1.0
946032,1,1,8,1,0,0.0,8.0,0.0,1,False,False,726,926,1.0
946072,1,1,6,1,0,0.0,6.0,0.0,1,False,False,727,926,1.0
946468,1,1,25,1,0,0.0,25.0,0.0,1,False,False,728,926,1.0
947306,1,1,10,1,0,0.0,10.0,0.0,1,False,False,729,926,1.0
947604,1,1,14,1,0,0.0,14.0,0.0,1,False,False,730,926,1.0
947612,1,1,18,1,0,0.0,18.0,0.0,1,False,False,731,926,1.0
947642,1,1,14,1,0,0.0,14.0,0.0,1,False,False,732,926,1.0
948282,1,1,1,1,0,0.0,1.0,0.0,1,False,False,733,926,1.0
950632,1,1,13,1,0,0.0,13.0,0.0,1,False,False,734,926,1.0
950640,1,1,9,1,0,0.0,9.0,0.0,1,False,False,735,926,1.0
950672,1,1,13,1,0,0.0,13.0,0.0,1,False,False,736,926,1.0
951290,1,1,17,1,0,0.0,17.0,0.0,1,False,False,737,926,1.0
951650,1,1,45,1,0,0.0,45.0,0.0,1,False,False,738,926,1.0
952114,1,1,3,1,0,0.0,3.0,0.0,1,False,False,739,926,1.0
952666,1,1,15,1,0,0.0,15.0,0.0,1,False,False,740,926,1.0
952678,1,1,30,1,0,0.0,30.0,0.0,1,False,False,741,926,1.0
952916,1,1,25,1,0,0.0,25.0,0.0,1,False,False,742,926,1.0
953940,1,1,9,1,0,0.0,9.0,0.0,1,False,False,743,926,1.0
954318,1,1,4,1,0,0.0,4.0,0.0,1,False,False,744,926,1.0
955436,1,1,23,1,0,0.0,23.0,0.0,1,False,False,745,926,1.0
956664,1,1,9,1,0,0.0,9.0,0.0,1,False,False,746,926,1.0
960294,1,1,36,1,0,0.0,36.0,0.0,1,False,False,747,926,1.0
967310,1,1,8,1,0,0.0,8.0,0.0,1,False,False,748,926,1.0
968232,1,1,13,1,0,0.0,13.0,0.0,1,False,False,749,926,1.0
969380,1,1,21,1,0,0.0,21.0,0.0,1,False,False,750,926,1.0
970240,1,1,44,1,0,0.0,44.0,0.0,1,False,False,751,926,1.0
970252,1,1,25,1,0,0.0,25.0,0.0,1,False,False,752,926,1.0
972412,1,1,25,1,0,0.0,25.0,0.0,1,False,False,753,926,1.0
972460,1,1,4,1,0,0.0,4.0,0.0,1,False,False,754,926,1.0
